Open time,Close time,Open,High,Low,Close,BNB Volume,BTC Volume,Number of trades,Taker buyBNB volume,Taker buyBTC volume
2020-06-01 00:00:00,2020-06-01 00:59:59.999,0.00180920,0.00181300,0.00179980,0.00181160,73009.76000000,131.88140343,3273,33488.33000000,60.49472438
2020-06-01 01:00:00,2020-06-01 01:59:59.999,0.00181140,0.00182590,0.00180810,0.00182370,54387.68000000,98.88139679,2607,32128.36000000,58.40996645
2020-06-01 02:00:00,2020-06-01 02:59:59.999,0.00182410,0.00183440,0.00182200,0.00183440,64901.54000000,118.52116108,2892,36141.49000000,66.01605924
2020-06-01 03:00:00,2020-06-01 03:59:59.999,0.00183410,0.00183620,0.00182210,0.00182550,55693.64000000,101.87165633,2215,28625.06000000,52.36184988
2020-06-01 04:00:00,2020-06-01 04:59:59.999,0.00182520,0.00182530,0.00181400,0.00181480,50167.58000000,91.31911996,2602,23023.27000000,41.92159612
2020-06-01 05:00:00,2020-06-01 05:59:59.999,0.00181440,0.00182040,0.00181140,0.00181720,43703.21000000,79.40007673,2017,27330.48000000,49.66060861
2020-06-01 06:00:00,2020-06-01 06:59:59.999,0.00181660,0.00182160,0.00181350,0.00181850,34956.09000000,63.53626958,1709,15412.55000000,28.01641350
2020-06-01 07:00:00,2020-06-01 07:59:59.999,0.00181840,0.00182490,0.00181700,0.00181820,59289.20000000,107.97256240,2509,27420.24000000,49.94244738
2020-06-01 08:00:00,2020-06-01 08:59:59.999,0.00181770,0.00182630,0.00181660,0.00182090,25283.46000000,46.06613675,2072,13399.67000000,24.41442048
2020-06-01 09:00:00,2020-06-01 09:59:59.999,0.00182090,0.00182740,0.00182020,0.00182130,25388.87000000,46.29893135,1942,12054.35000000,21.98106029
2020-06-01 10:00:00,2020-06-01 10:59:59.999,0.00182090,0.00182370,0.00181400,0.00181630,27712.03000000,50.37192210,2152,13238.74000000,24.06851684
2020-06-01 11:00:00,2020-06-01 11:59:59.999,0.00181650,0.00182090,0.00181420,0.00181790,30160.90000000,54.82937062,1808,16582.20000000,30.14539089
2020-06-01 12:00:00,2020-06-01 12:59:59.999,0.00181790,0.00181800,0.00180660,0.00181490,44024.55000000,79.79323886,3240,22322.59000000,40.46297642
2020-06-01 13:00:00,2020-06-01 13:59:59.999,0.00181470,0.00181780,0.00181300,0.00181700,45142.99000000,81.97007726,1768,12969.23000000,23.54994281
2020-06-01 14:00:00,2020-06-01 14:59:59.999,0.00181640,0.00182080,0.00181520,0.00181990,24864.46000000,45.21333771,1911,14464.40000000,26.30548048
2020-06-01 15:00:00,2020-06-01 15:59:59.999,0.00182000,0.00182000,0.00181330,0.00181890,32639.85000000,59.32702494,1995,17228.19000000,31.32009830
2020-06-01 16:00:00,2020-06-01 16:59:59.999,0.00181900,0.00182000,0.00181330,0.00181790,65192.03000000,118.47065372,2263,19067.41000000,34.65346745
2020-06-01 17:00:00,2020-06-01 17:59:59.999,0.00181840,0.00182470,0.00181570,0.00181890,91841.10000000,167.24366433,1890,16087.60000000,29.29020462
2020-06-01 18:00:00,2020-06-01 18:59:59.999,0.00181910,0.00181930,0.00181330,0.00181730,65282.96000000,118.60006862,1472,11888.89000000,21.59943244
2020-06-01 19:00:00,2020-06-01 19:59:59.999,0.00181680,0.00182180,0.00181490,0.00182140,25661.31000000,46.66311751,1623,15065.81000000,27.40103970
2020-06-01 20:00:00,2020-06-01 20:59:59.999,0.00182140,0.00182290,0.00180650,0.00180710,30839.48000000,55.98512648,2436,17383.82000000,31.57114326
2020-06-01 21:00:00,2020-06-01 21:59:59.999,0.00180720,0.00181800,0.00180400,0.00181610,74282.44000000,134.38575521,2047,12903.42000000,23.36738930
2020-06-01 22:00:00,2020-06-01 22:59:59.999,0.00181620,0.00182060,0.00181120,0.00181500,55701.30000000,101.14522087,2592,22772.33000000,41.36010715
2020-06-01 23:00:00,2020-06-01 23:59:59.999,0.00181490,0.00181490,0.00174950,0.00175840,233577.54000000,414.96146437,18401,82893.47000000,147.26170505
2020-06-02 00:00:00,2020-06-02 00:59:59.999,0.00175880,0.00176730,0.00175140,0.00176610,57500.85000000,101.06289857,3260,28903.62000000,50.81442351
2020-06-02 01:00:00,2020-06-02 01:59:59.999,0.00176610,0.00176910,0.00176100,0.00176390,51167.09000000,90.28875730,2383,22669.26000000,40.00463023
2020-06-02 02:00:00,2020-06-02 02:59:59.999,0.00176370,0.00177440,0.00176300,0.00177160,62594.78000000,110.72699348,2317,38194.93000000,67.60398871
2020-06-02 03:00:00,2020-06-02 03:59:59.999,0.00177170,0.00177670,0.00176620,0.00177080,36681.06000000,64.99287732,1675,20282.28000000,35.94093240
2020-06-02 04:00:00,2020-06-02 04:59:59.999,0.00177080,0.00177380,0.00176570,0.00177200,72179.65000000,127.74806910,2178,45196.65000000,80.00333902
2020-06-02 05:00:00,2020-06-02 05:59:59.999,0.00177200,0.00178060,0.00176970,0.00177960,79764.23000000,141.54691723,2397,58594.47000000,103.98965859
2020-06-02 06:00:00,2020-06-02 06:59:59.999,0.00177960,0.00178190,0.00177090,0.00178140,52475.02000000,93.28426784,2011,34436.76000000,61.23574656
2020-06-02 07:00:00,2020-06-02 07:59:59.999,0.00178140,0.00178900,0.00177800,0.00178070,80782.99000000,144.12329520,3219,48865.40000000,87.18909608
2020-06-02 08:00:00,2020-06-02 08:59:59.999,0.00178040,0.00178580,0.00177560,0.00177980,56006.00000000,99.70754520,2670,31741.88000000,56.51378015
2020-06-02 09:00:00,2020-06-02 09:59:59.999,0.00177980,0.00178440,0.00177980,0.00178210,22070.65000000,39.31998922,1449,11399.57000000,20.31193761
2020-06-02 10:00:00,2020-06-02 10:59:59.999,0.00178210,0.00179720,0.00178080,0.00178840,40369.78000000,72.28461751,2412,22945.15000000,41.09144202
2020-06-02 11:00:00,2020-06-02 11:59:59.999,0.00178780,0.00179410,0.00178430,0.00178870,33288.85000000,59.56218796,1920,14803.05000000,26.48630336
2020-06-02 12:00:00,2020-06-02 12:59:59.999,0.00178870,0.00179290,0.00178850,0.00179050,14228.98000000,25.48514009,1100,7563.36000000,13.54531156
2020-06-02 13:00:00,2020-06-02 13:59:59.999,0.00179050,0.00179110,0.00178080,0.00178340,32550.90000000,58.12068802,2227,10935.98000000,19.52383310
2020-06-02 14:00:00,2020-06-02 14:59:59.999,0.00178340,0.00180990,0.00177610,0.00178690,89875.77000000,160.77184580,7295,45611.75000000,81.61540557
2020-06-02 15:00:00,2020-06-02 15:59:59.999,0.00178830,0.00180300,0.00178400,0.00180120,68465.12000000,122.91217987,5362,35549.76000000,63.82230534
2020-06-02 16:00:00,2020-06-02 16:59:59.999,0.00180130,0.00181000,0.00179550,0.00180810,30941.78000000,55.81967978,2503,16675.68000000,30.09889762
2020-06-02 17:00:00,2020-06-02 17:59:59.999,0.00180810,0.00181090,0.00180500,0.00180650,38776.92000000,70.11874170,1607,14354.47000000,25.95976465
2020-06-02 18:00:00,2020-06-02 18:59:59.999,0.00180650,0.00180770,0.00180090,0.00180470,102401.26000000,184.81610765,1892,15706.09000000,28.34708097
2020-06-02 19:00:00,2020-06-02 19:59:59.999,0.00180490,0.00181060,0.00180400,0.00181040,149640.54000000,270.62306803,1549,29739.12000000,53.76975882
2020-06-02 20:00:00,2020-06-02 20:59:59.999,0.00181050,0.00181150,0.00180000,0.00180230,56549.92000000,102.13272340,2052,21792.34000000,39.34804099
2020-06-02 21:00:00,2020-06-02 21:59:59.999,0.00180220,0.00181160,0.00180070,0.00181160,33200.40000000,59.94698103,1586,18240.00000000,32.94139305
2020-06-02 22:00:00,2020-06-02 22:59:59.999,0.00181160,0.00181550,0.00180820,0.00180910,53360.92000000,96.64327488,2052,31583.87000000,57.20648046
2020-06-02 23:00:00,2020-06-02 23:59:59.999,0.00180950,0.00181980,0.00180630,0.00181380,86899.21000000,157.71421730,2699,49038.31000000,88.99829778
2020-06-03 00:00:00,2020-06-03 00:59:59.999,0.00181400,0.00181760,0.00180960,0.00181080,50350.92000000,91.31916664,1645,35087.69000000,63.63504796
2020-06-03 01:00:00,2020-06-03 01:59:59.999,0.00181080,0.00181340,0.00180640,0.00180830,45691.90000000,82.66268636,1280,36180.93000000,65.45677219
2020-06-03 02:00:00,2020-06-03 02:59:59.999,0.00180840,0.00180930,0.00180000,0.00180860,71644.38000000,129.39122192,1970,57163.57000000,103.25252389
2020-06-03 03:00:00,2020-06-03 03:59:59.999,0.00180860,0.00181180,0.00180610,0.00181000,82214.50000000,148.73694724,1271,70954.29000000,128.37201532
2020-06-03 04:00:00,2020-06-03 04:59:59.999,0.00181000,0.00181170,0.00180330,0.00180640,32632.18000000,58.98094099,1336,23178.94000000,41.90216568
2020-06-03 05:00:00,2020-06-03 05:59:59.999,0.00180640,0.00181190,0.00180290,0.00180930,49289.97000000,89.09472790,1675,35199.38000000,63.62645287
2020-06-03 06:00:00,2020-06-03 06:59:59.999,0.00180930,0.00181090,0.00180600,0.00180710,23133.01000000,41.82483226,1182,18072.62000000,32.67413079
2020-06-03 07:00:00,2020-06-03 07:59:59.999,0.00180710,0.00180930,0.00180450,0.00180910,47895.77000000,86.57437356,1352,40998.62000000,74.10982128
2020-06-03 08:00:00,2020-06-03 08:59:59.999,0.00180920,0.00181380,0.00180720,0.00181290,60352.64000000,109.24756546,1309,54488.27000000,98.63341376
2020-06-03 09:00:00,2020-06-03 09:59:59.999,0.00181300,0.00181860,0.00181040,0.00181700,73386.49000000,133.09750561,1537,67555.40000000,122.51908012
2020-06-03 10:00:00,2020-06-03 10:59:59.999,0.00181690,0.00182270,0.00181240,0.00181540,58662.53000000,106.62599071,2231,45469.92000000,82.65291367
2020-06-03 11:00:00,2020-06-03 11:59:59.999,0.00181500,0.00181750,0.00181140,0.00181260,32077.38000000,58.23283056,1535,25365.67000000,46.05352162
2020-06-03 12:00:00,2020-06-03 12:59:59.999,0.00181270,0.00183400,0.00181050,0.00181550,56576.04000000,103.19030531,4240,34549.42000000,63.03035914
2020-06-03 13:00:00,2020-06-03 13:59:59.999,0.00181560,0.00181970,0.00181540,0.00181680,36607.25000000,66.53420555,1421,10526.68000000,19.13042434
2020-06-03 14:00:00,2020-06-03 14:59:59.999,0.00181680,0.00182190,0.00181400,0.00181560,44459.92000000,80.74456974,2084,17797.39000000,32.33536081
2020-06-03 15:00:00,2020-06-03 15:59:59.999,0.00181560,0.00181810,0.00181350,0.00181720,71172.80000000,129.23868780,1894,17145.70000000,31.14020578
2020-06-03 16:00:00,2020-06-03 16:59:59.999,0.00181810,0.00182300,0.00181640,0.00182240,84959.72000000,154.72044625,1889,13523.46000000,24.61848480
2020-06-03 17:00:00,2020-06-03 17:59:59.999,0.00182290,0.00182500,0.00181700,0.00181820,64585.33000000,117.52620303,1768,11789.52000000,21.46392219
2020-06-03 18:00:00,2020-06-03 18:59:59.999,0.00181870,0.00182300,0.00181700,0.00182240,72256.67000000,131.51202778,1639,16675.87000000,30.35842064
2020-06-03 19:00:00,2020-06-03 19:59:59.999,0.00182250,0.00182560,0.00181930,0.00182540,26755.67000000,48.76984419,1568,15841.00000000,28.87333571
2020-06-03 20:00:00,2020-06-03 20:59:59.999,0.00182550,0.00182790,0.00182400,0.00182750,54346.41000000,99.25540898,1373,16445.31000000,30.03894731
2020-06-03 21:00:00,2020-06-03 21:59:59.999,0.00182750,0.00182860,0.00182280,0.00182280,155019.57000000,282.95442604,1499,24663.64000000,45.02928992
2020-06-03 22:00:00,2020-06-03 22:59:59.999,0.00182280,0.00182560,0.00182190,0.00182220,59508.43000000,108.50913684,1242,27788.02000000,50.67537320
2020-06-03 23:00:00,2020-06-03 23:59:59.999,0.00182220,0.00182490,0.00181460,0.00181900,110108.43000000,200.42333838,1928,45910.66000000,83.54066177
2020-06-04 00:00:00,2020-06-04 00:59:59.999,0.00181900,0.00182650,0.00181900,0.00182220,67982.76000000,123.87127025,1649,56273.11000000,102.54073476
2020-06-04 01:00:00,2020-06-04 01:59:59.999,0.00182230,0.00182560,0.00181660,0.00181960,53437.61000000,97.27706538,2024,39854.82000000,72.55457701
2020-06-04 02:00:00,2020-06-04 02:59:59.999,0.00182060,0.00182260,0.00181630,0.00181760,38233.27000000,69.58663988,1570,27537.05000000,50.12503969
2020-06-04 03:00:00,2020-06-04 03:59:59.999,0.00181770,0.00182260,0.00181770,0.00182110,69970.32000000,127.39763310,1259,53681.94000000,97.73821455
2020-06-04 04:00:00,2020-06-04 04:59:59.999,0.00182100,0.00182240,0.00181500,0.00181720,52430.52000000,95.35619641,1534,39487.18000000,71.81496156
2020-06-04 05:00:00,2020-06-04 05:59:59.999,0.00181710,0.00181740,0.00181290,0.00181660,56601.62000000,102.72076500,1405,48992.53000000,88.91272750
2020-06-04 06:00:00,2020-06-04 06:59:59.999,0.00181660,0.00181780,0.00181400,0.00181720,41592.95000000,75.54254245,1388,32737.50000000,59.45805491
2020-06-04 07:00:00,2020-06-04 07:59:59.999,0.00181720,0.00182120,0.00181440,0.00181990,79125.33000000,143.88274168,1372,72652.95000000,132.11842592
2020-06-04 08:00:00,2020-06-04 08:59:59.999,0.00181960,0.00182050,0.00181430,0.00181770,66800.65000000,121.39356544,1597,56673.75000000,102.99042400
2020-06-04 09:00:00,2020-06-04 09:59:59.999,0.00181780,0.00181940,0.00180020,0.00181320,28771.04000000,52.08302812,3554,12782.98000000,23.15331813
2020-06-04 10:00:00,2020-06-04 10:59:59.999,0.00181310,0.00181410,0.00180780,0.00181110,16679.83000000,30.19488946,1381,8166.79000000,14.78584709
2020-06-04 11:00:00,2020-06-04 11:59:59.999,0.00181200,0.00181230,0.00180120,0.00180410,21740.83000000,39.24992686,2048,9363.18000000,16.90570721
2020-06-04 12:00:00,2020-06-04 12:59:59.999,0.00180360,0.00180640,0.00179740,0.00180240,20207.16000000,36.38679208,1998,8951.38000000,16.11964017
2020-06-04 13:00:00,2020-06-04 13:59:59.999,0.00180240,0.00180750,0.00179200,0.00179600,26989.72000000,48.54835465,2601,12613.84000000,22.69771338
2020-06-04 14:00:00,2020-06-04 14:59:59.999,0.00179580,0.00179730,0.00179180,0.00179290,12765.47000000,22.91175623,1437,5974.90000000,10.72578569
2020-06-04 15:00:00,2020-06-04 15:59:59.999,0.00179290,0.00179510,0.00178480,0.00178600,31829.17000000,57.03256414,2124,6906.57000000,12.38102669
2020-06-04 16:00:00,2020-06-04 16:59:59.999,0.00178500,0.00179450,0.00178390,0.00179360,48561.98000000,86.99366497,1673,16520.76000000,29.58578870
2020-06-04 17:00:00,2020-06-04 17:59:59.999,0.00179380,0.00179450,0.00178440,0.00178540,29888.22000000,53.48716516,1359,4216.54000000,7.55087109
2020-06-04 18:00:00,2020-06-04 18:59:59.999,0.00178520,0.00179490,0.00177790,0.00178720,53823.63000000,95.96968206,3310,30190.05000000,53.84710791
2020-06-04 19:00:00,2020-06-04 19:59:59.999,0.00178740,0.00178900,0.00177200,0.00177510,35940.85000000,64.00630925,2251,9082.93000000,16.17098037
2020-06-04 20:00:00,2020-06-04 20:59:59.999,0.00177510,0.00178670,0.00177350,0.00178580,38280.80000000,68.20589546,1541,7394.22000000,13.16651979
2020-06-04 21:00:00,2020-06-04 21:59:59.999,0.00178580,0.00179420,0.00178550,0.00178950,15796.54000000,28.26530888,1288,5635.58000000,10.08887833
2020-06-04 22:00:00,2020-06-04 22:59:59.999,0.00178950,0.00179450,0.00178230,0.00178510,35223.35000000,62.99948041,1267,5709.70000000,10.21449803
2020-06-04 23:00:00,2020-06-04 23:59:59.999,0.00178520,0.00179140,0.00178370,0.00178890,26147.74000000,46.74518674,1114,3943.41000000,7.05185205
2020-06-05 00:00:00,2020-06-05 00:59:59.999,0.00178850,0.00179040,0.00178250,0.00179020,52181.05000000,93.20365792,1490,40327.58000000,72.03444067
2020-06-05 01:00:00,2020-06-05 01:59:59.999,0.00179020,0.00179400,0.00178720,0.00178900,67505.31000000,120.81697918,1360,47798.88000000,85.55051568
2020-06-05 02:00:00,2020-06-05 02:59:59.999,0.00178860,0.00179570,0.00178650,0.00178840,56772.69000000,101.67596125,1338,42430.03000000,75.99640323
2020-06-05 03:00:00,2020-06-05 03:59:59.999,0.00178840,0.00179270,0.00178560,0.00178930,43280.37000000,77.45210860,1114,32799.58000000,58.70203910
2020-06-05 04:00:00,2020-06-05 04:59:59.999,0.00178920,0.00179150,0.00178390,0.00178950,42882.99000000,76.66145224,1471,29941.83000000,53.52025032
2020-06-05 05:00:00,2020-06-05 05:59:59.999,0.00179040,0.00181400,0.00178890,0.00181320,61600.62000000,111.00068568,3073,43949.87000000,79.16833359
2020-06-05 06:00:00,2020-06-05 06:59:59.999,0.00181320,0.00181920,0.00180950,0.00181700,42957.42000000,77.93812394,2012,24318.28000000,44.11951732
2020-06-05 07:00:00,2020-06-05 07:59:59.999,0.00181720,0.00182190,0.00181500,0.00181580,35669.94000000,64.85705056,1721,19341.21000000,35.15365163
2020-06-05 08:00:00,2020-06-05 08:59:59.999,0.00181570,0.00182550,0.00181140,0.00181530,32640.58000000,59.28545883,2173,22728.72000000,41.28833382
2020-06-05 09:00:00,2020-06-05 09:59:59.999,0.00181620,0.00181710,0.00180720,0.00180780,100260.37000000,181.58103322,1601,88171.98000000,159.68530640
2020-06-05 10:00:00,2020-06-05 10:59:59.999,0.00180780,0.00181390,0.00180350,0.00181260,38451.83000000,69.53081979,2254,23776.41000000,42.99618418
2020-06-05 11:00:00,2020-06-05 11:59:59.999,0.00181270,0.00181990,0.00180930,0.00181430,21504.41000000,39.00619777,1680,12565.73000000,22.79096601
2020-06-05 12:00:00,2020-06-05 12:59:59.999,0.00181370,0.00181960,0.00181000,0.00181710,23727.16000000,43.03534502,1777,13353.61000000,24.22793078
2020-06-05 13:00:00,2020-06-05 13:59:59.999,0.00181640,0.00181760,0.00180900,0.00181110,22614.15000000,41.00164279,1494,8507.71000000,15.43454387
2020-06-05 14:00:00,2020-06-05 14:59:59.999,0.00181110,0.00181920,0.00181100,0.00181680,28710.60000000,52.12141278,3179,13097.68000000,23.78195985
2020-06-05 15:00:00,2020-06-05 15:59:59.999,0.00181680,0.00181960,0.00181440,0.00181720,33938.74000000,61.64989757,2071,10177.72000000,18.49164645
2020-06-05 16:00:00,2020-06-05 16:59:59.999,0.00181720,0.00182510,0.00181590,0.00182510,27016.95000000,49.22056939,2073,13739.87000000,25.03776317
2020-06-05 17:00:00,2020-06-05 17:59:59.999,0.00182510,0.00183100,0.00182210,0.00183090,52878.61000000,96.62892855,2935,19658.65000000,35.92890067
2020-06-05 18:00:00,2020-06-05 18:59:59.999,0.00183100,0.00183780,0.00182590,0.00182920,43169.51000000,79.08044848,2995,25323.10000000,46.39090444
2020-06-05 19:00:00,2020-06-05 19:59:59.999,0.00182920,0.00182930,0.00181990,0.00182340,26326.41000000,47.98120334,1665,6634.38000000,12.09142715
2020-06-05 20:00:00,2020-06-05 20:59:59.999,0.00182340,0.00182490,0.00181790,0.00181900,49413.06000000,89.97317551,1373,6294.50000000,11.46664385
2020-06-05 21:00:00,2020-06-05 21:59:59.999,0.00181910,0.00183120,0.00181750,0.00183080,74542.03000000,136.11867144,1518,7783.40000000,14.20728956
2020-06-05 22:00:00,2020-06-05 22:59:59.999,0.00183110,0.00183120,0.00182000,0.00182850,62882.24000000,114.89019376,1354,10039.22000000,18.33732229
2020-06-05 23:00:00,2020-06-05 23:59:59.999,0.00182860,0.00183890,0.00182610,0.00183810,76625.40000000,140.36169832,2293,20116.55000000,36.87086354
2020-06-06 00:00:00,2020-06-06 00:59:59.999,0.00183810,0.00184000,0.00183180,0.00183610,59471.92000000,109.16917357,1839,37471.92000000,68.79148683
2020-06-06 01:00:00,2020-06-06 01:59:59.999,0.00183570,0.00184550,0.00183150,0.00183930,58202.82000000,107.10523620,2369,33123.43000000,60.97245858
2020-06-06 02:00:00,2020-06-06 02:59:59.999,0.00183900,0.00184200,0.00183380,0.00184150,88867.06000000,163.30025706,1487,64300.97000000,118.16510351
2020-06-06 03:00:00,2020-06-06 03:59:59.999,0.00184000,0.00184100,0.00183190,0.00183250,44471.80000000,81.65684979,1191,29741.94000000,54.61366840
2020-06-06 04:00:00,2020-06-06 04:59:59.999,0.00183330,0.00183700,0.00183080,0.00183510,48193.45000000,88.44325957,1129,38093.54000000,69.91337456
2020-06-06 05:00:00,2020-06-06 05:59:59.999,0.00183460,0.00184160,0.00183340,0.00184150,32415.25000000,59.55434930,1158,19849.17000000,36.46128599
2020-06-06 06:00:00,2020-06-06 06:59:59.999,0.00184160,0.00184200,0.00183620,0.00183750,27409.87000000,50.44445282,959,16555.17000000,30.47453146
2020-06-06 07:00:00,2020-06-06 07:59:59.999,0.00183760,0.00183790,0.00183440,0.00183670,33461.48000000,61.43901843,1171,24723.04000000,45.39566547
2020-06-06 08:00:00,2020-06-06 08:59:59.999,0.00183640,0.00183670,0.00183020,0.00183330,48706.48000000,89.30500779,1579,34540.60000000,63.33178920
2020-06-06 09:00:00,2020-06-06 09:59:59.999,0.00183310,0.00183570,0.00182750,0.00182920,14809.99000000,27.12265147,1504,6686.13000000,12.24747998
2020-06-06 10:00:00,2020-06-06 10:59:59.999,0.00182930,0.00183090,0.00182670,0.00182950,7761.52000000,14.19423931,1205,4261.20000000,7.79363793
2020-06-06 11:00:00,2020-06-06 11:59:59.999,0.00182970,0.00183450,0.00182670,0.00183180,14614.30000000,26.77302645,1226,5460.45000000,10.00453988
2020-06-06 12:00:00,2020-06-06 12:59:59.999,0.00183210,0.00183210,0.00182550,0.00182990,16169.47000000,29.56048187,1668,8585.41000000,15.69616997
2020-06-06 13:00:00,2020-06-06 13:59:59.999,0.00182940,0.00183210,0.00182700,0.00183090,14410.83000000,26.35990291,1157,8729.12000000,15.97070013
2020-06-06 14:00:00,2020-06-06 14:59:59.999,0.00183100,0.00183200,0.00182520,0.00182680,9927.80000000,18.15576065,1347,4390.54000000,8.02928354
2020-06-06 15:00:00,2020-06-06 15:59:59.999,0.00182680,0.00183050,0.00182520,0.00182850,11355.72000000,20.75954198,1353,5482.73000000,10.02540384
2020-06-06 16:00:00,2020-06-06 16:59:59.999,0.00182850,0.00182990,0.00182450,0.00182560,47536.31000000,86.87100820,1872,7891.92000000,14.42214727
2020-06-06 17:00:00,2020-06-06 17:59:59.999,0.00182550,0.00182790,0.00182400,0.00182580,48533.82000000,88.61003613,1242,4684.81000000,8.55413977
2020-06-06 18:00:00,2020-06-06 18:59:59.999,0.00182580,0.00182690,0.00182300,0.00182430,51653.22000000,94.24217346,996,5241.85000000,9.56367284
2020-06-06 19:00:00,2020-06-06 19:59:59.999,0.00182430,0.00182530,0.00181800,0.00181870,50280.76000000,91.57582823,1576,5972.17000000,10.88292846
2020-06-06 20:00:00,2020-06-06 20:59:59.999,0.00181860,0.00182140,0.00181140,0.00181490,54843.29000000,99.71244520,1910,13555.34000000,24.63967177
2020-06-06 21:00:00,2020-06-06 21:59:59.999,0.00181500,0.00182750,0.00181350,0.00182260,55669.41000000,101.37046548,2108,32377.25000000,58.99512873
2020-06-06 22:00:00,2020-06-06 22:59:59.999,0.00182260,0.00182350,0.00181740,0.00181950,42767.20000000,77.82228264,1173,29616.07000000,53.88830279
2020-06-06 23:00:00,2020-06-06 23:59:59.999,0.00181950,0.00181980,0.00181360,0.00181500,28706.40000000,52.16008522,1279,4112.31000000,7.47134802
2020-06-07 00:00:00,2020-06-07 00:59:59.999,0.00181500,0.00182290,0.00181320,0.00182210,50419.05000000,91.73793621,1555,35785.58000000,65.11438941
2020-06-07 01:00:00,2020-06-07 01:59:59.999,0.00182210,0.00182260,0.00181660,0.00181890,53367.24000000,97.09863927,1418,41193.59000000,74.94438217
2020-06-07 02:00:00,2020-06-07 02:59:59.999,0.00181880,0.00181960,0.00180940,0.00181630,67024.73000000,121.66658280,1642,50505.13000000,91.69443114
2020-06-07 03:00:00,2020-06-07 03:59:59.999,0.00181620,0.00181890,0.00180830,0.00181450,68133.20000000,123.54956083,1804,47466.03000000,86.07928705
2020-06-07 04:00:00,2020-06-07 04:59:59.999,0.00181540,0.00181900,0.00181040,0.00181830,40476.17000000,73.44998040,1484,21868.49000000,39.69550332
2020-06-07 05:00:00,2020-06-07 05:59:59.999,0.00181870,0.00182140,0.00181580,0.00181590,32267.98000000,58.68726621,1275,20570.11000000,37.41347970
2020-06-07 06:00:00,2020-06-07 06:59:59.999,0.00181600,0.00181890,0.00181550,0.00181640,23787.77000000,43.22564906,950,13908.16000000,25.27468170
2020-06-07 07:00:00,2020-06-07 07:59:59.999,0.00181650,0.00181900,0.00181070,0.00181290,26588.13000000,48.25508157,1541,13375.96000000,24.28103171
2020-06-07 08:00:00,2020-06-07 08:59:59.999,0.00181280,0.00181370,0.00180600,0.00180990,26811.17000000,48.53747536,1816,14251.91000000,25.80229381
2020-06-07 09:00:00,2020-06-07 09:59:59.999,0.00181040,0.00181170,0.00180600,0.00180660,13136.82000000,23.75801092,1214,5029.63000000,9.09651245
2020-06-07 10:00:00,2020-06-07 10:59:59.999,0.00180660,0.00180890,0.00180600,0.00180820,9993.25000000,18.05694398,1109,3327.63000000,6.01365821
2020-06-07 11:00:00,2020-06-07 11:59:59.999,0.00180790,0.00181950,0.00180680,0.00181350,21758.36000000,39.48616467,2023,11528.25000000,20.92458086
2020-06-07 12:00:00,2020-06-07 12:59:59.999,0.00181460,0.00181680,0.00180740,0.00181550,25176.16000000,45.63525693,2350,14644.34000000,26.54883532
2020-06-07 13:00:00,2020-06-07 13:59:59.999,0.00181560,0.00181810,0.00180000,0.00180070,30133.80000000,54.47130248,3182,13302.66000000,24.05763488
2020-06-07 14:00:00,2020-06-07 14:59:59.999,0.00180110,0.00180360,0.00178870,0.00180100,54248.76000000,97.35400072,4053,23408.28000000,42.01814130
2020-06-07 15:00:00,2020-06-07 15:59:59.999,0.00180080,0.00180680,0.00180020,0.00180350,15241.43000000,27.48210947,1643,7803.46000000,14.07209264
2020-06-07 16:00:00,2020-06-07 16:59:59.999,0.00180400,0.00180620,0.00179680,0.00179880,14729.74000000,26.53192952,1619,6234.96000000,11.23102020
2020-06-07 17:00:00,2020-06-07 17:59:59.999,0.00179880,0.00180130,0.00179550,0.00179760,13613.29000000,24.49021240,1319,3928.09000000,7.06585794
2020-06-07 18:00:00,2020-06-07 18:59:59.999,0.00179770,0.00180100,0.00179650,0.00179960,17617.65000000,31.69508966,1243,7225.85000000,12.99949468
2020-06-07 19:00:00,2020-06-07 19:59:59.999,0.00179950,0.00179990,0.00177540,0.00177690,44488.48000000,79.52665401,3730,9102.57000000,16.27292873
2020-06-07 20:00:00,2020-06-07 20:59:59.999,0.00177730,0.00178730,0.00177540,0.00178230,33677.70000000,60.00518971,2438,16913.10000000,30.13350381
2020-06-07 21:00:00,2020-06-07 21:59:59.999,0.00178240,0.00178880,0.00177600,0.00178730,20746.90000000,37.00605447,1907,10858.24000000,19.37246304
2020-06-07 22:00:00,2020-06-07 22:59:59.999,0.00178730,0.00178760,0.00177880,0.00178160,10596.00000000,18.89001817,1264,3602.53000000,6.42283735
2020-06-07 23:00:00,2020-06-07 23:59:59.999,0.00178150,0.00178810,0.00177850,0.00178680,16248.76000000,28.98562320,1469,7169.12000000,12.79150274
2020-06-08 00:00:00,2020-06-08 00:59:59.999,0.00178680,0.00179880,0.00178000,0.00179410,38504.68000000,68.91344275,2163,17323.75000000,31.03275762
2020-06-08 01:00:00,2020-06-08 01:59:59.999,0.00179400,0.00179980,0.00178920,0.00179270,45755.53000000,82.11228168,1754,18229.48000000,32.72396876
2020-06-08 02:00:00,2020-06-08 02:59:59.999,0.00179330,0.00179660,0.00179290,0.00179400,18623.73000000,33.42268418,944,8368.84000000,15.02085899
2020-06-08 03:00:00,2020-06-08 03:59:59.999,0.00179390,0.00179490,0.00178680,0.00179010,13415.19000000,24.02515123,1245,6347.90000000,11.36804961
2020-06-08 04:00:00,2020-06-08 04:59:59.999,0.00179010,0.00179010,0.00178680,0.00178900,24275.59000000,43.42490507,863,8368.75000000,14.97246098
2020-06-08 05:00:00,2020-06-08 05:59:59.999,0.00178920,0.00179320,0.00178830,0.00179160,7237.63000000,12.96017861,850,4711.66000000,8.43656729
2020-06-08 06:00:00,2020-06-08 06:59:59.999,0.00179190,0.00179280,0.00178890,0.00178990,54263.68000000,97.18276043,1201,6275.45000000,11.23937335
2020-06-08 07:00:00,2020-06-08 07:59:59.999,0.00179000,0.00179420,0.00178720,0.00179410,39639.98000000,70.94315099,1138,7131.48000000,12.77063994
2020-06-08 08:00:00,2020-06-08 08:59:59.999,0.00179410,0.00180170,0.00178950,0.00179090,63334.98000000,113.62036293,1993,13469.91000000,24.18893874
2020-06-08 09:00:00,2020-06-08 09:59:59.999,0.00179080,0.00179220,0.00178320,0.00179200,18978.85000000,33.95570296,1907,7862.40000000,14.07081348
2020-06-08 10:00:00,2020-06-08 10:59:59.999,0.00179220,0.00179220,0.00178670,0.00178680,13613.60000000,24.35377842,1224,6287.55000000,11.25000703
2020-06-08 11:00:00,2020-06-08 11:59:59.999,0.00178690,0.00178940,0.00178680,0.00178750,13776.60000000,24.62965459,1125,5596.44000000,10.00693928
2020-06-08 12:00:00,2020-06-08 12:59:59.999,0.00178800,0.00178940,0.00178590,0.00178930,15389.22000000,27.50781332,1220,8782.42000000,15.69997344
2020-06-08 13:00:00,2020-06-08 13:59:59.999,0.00178930,0.00179270,0.00178830,0.00179170,22288.70000000,39.89716095,1361,8227.58000000,14.73037725
2020-06-08 14:00:00,2020-06-08 14:59:59.999,0.00179220,0.00179290,0.00178820,0.00179030,20262.78000000,36.27827644,1493,10628.56000000,19.03009827
2020-06-08 15:00:00,2020-06-08 15:59:59.999,0.00179110,0.00179290,0.00179020,0.00179060,38163.21000000,68.35035781,1342,14469.75000000,25.91948964
2020-06-08 16:00:00,2020-06-08 16:59:59.999,0.00179150,0.00179290,0.00178720,0.00178790,25645.84000000,45.92881484,1657,9255.06000000,16.57667611
2020-06-08 17:00:00,2020-06-08 17:59:59.999,0.00178780,0.00178920,0.00178310,0.00178630,34282.84000000,61.21337888,1802,12642.02000000,22.57469361
2020-06-08 18:00:00,2020-06-08 18:59:59.999,0.00178600,0.00178860,0.00178420,0.00178650,45690.72000000,81.60793007,1161,5254.88000000,9.38786862
2020-06-08 19:00:00,2020-06-08 19:59:59.999,0.00178660,0.00178800,0.00178270,0.00178650,33305.12000000,59.43898103,1466,8472.90000000,15.12352831
2020-06-08 20:00:00,2020-06-08 20:59:59.999,0.00178650,0.00178970,0.00178350,0.00178530,29734.24000000,53.13629551,1589,12787.53000000,22.84996726
2020-06-08 21:00:00,2020-06-08 21:59:59.999,0.00178530,0.00178690,0.00178090,0.00178140,27225.32000000,48.58482651,1574,8944.43000000,15.96284047
2020-06-08 22:00:00,2020-06-08 22:59:59.999,0.00178130,0.00178500,0.00177880,0.00178500,27324.97000000,48.69247378,1586,18049.79000000,32.16565615
2020-06-08 23:00:00,2020-06-08 23:59:59.999,0.00178500,0.00178620,0.00177830,0.00178380,21910.32000000,39.05028836,1670,10794.58000000,19.24010660
2020-06-09 00:00:00,2020-06-09 00:59:59.999,0.00178330,0.00178870,0.00177360,0.00177880,61440.12000000,109.29139133,4261,33218.11000000,59.09271499
2020-06-09 01:00:00,2020-06-09 01:59:59.999,0.00177870,0.00178260,0.00177670,0.00178170,24285.93000000,43.24601741,1187,9740.14000000,17.34583658
2020-06-09 02:00:00,2020-06-09 02:59:59.999,0.00178240,0.00178560,0.00178190,0.00178350,25006.55000000,44.59641821,1176,6682.03000000,11.91894936
2020-06-09 03:00:00,2020-06-09 03:59:59.999,0.00178390,0.00178680,0.00178210,0.00178320,29483.77000000,52.60666935,1263,7869.18000000,14.04269934
2020-06-09 04:00:00,2020-06-09 04:59:59.999,0.00178330,0.00178550,0.00178130,0.00178330,9333.87000000,16.64376688,1118,4292.36000000,7.65388200
2020-06-09 05:00:00,2020-06-09 05:59:59.999,0.00178340,0.00178590,0.00178250,0.00178340,9036.21000000,16.11745565,1135,3884.40000000,6.92854121
2020-06-09 06:00:00,2020-06-09 06:59:59.999,0.00178340,0.00178670,0.00178280,0.00178580,54417.53000000,97.16948601,953,4834.19000000,8.63222573
2020-06-09 07:00:00,2020-06-09 07:59:59.999,0.00178650,0.00178810,0.00178450,0.00178800,18924.94000000,33.80495261,989,4566.93000000,8.16007246
2020-06-09 08:00:00,2020-06-09 08:59:59.999,0.00178800,0.00178850,0.00178550,0.00178580,20025.59000000,35.79809955,1220,5794.87000000,10.35823251
2020-06-09 09:00:00,2020-06-09 09:59:59.999,0.00178580,0.00179050,0.00178480,0.00178670,14119.63000000,25.25245259,1370,8611.03000000,15.40426727
2020-06-09 10:00:00,2020-06-09 10:59:59.999,0.00178640,0.00178850,0.00178280,0.00178410,11423.97000000,20.40171562,1634,3647.22000000,6.51375812
2020-06-09 11:00:00,2020-06-09 11:59:59.999,0.00178410,0.00178700,0.00178200,0.00178200,13223.81000000,23.59206924,1536,6085.54000000,10.85845100
2020-06-09 12:00:00,2020-06-09 12:59:59.999,0.00178210,0.00178490,0.00178140,0.00178370,10503.03000000,18.72499748,1274,5263.79000000,9.38510834
2020-06-09 13:00:00,2020-06-09 13:59:59.999,0.00178370,0.00178740,0.00178220,0.00178260,11140.57000000,19.88361796,1543,6619.64000000,11.81569188
2020-06-09 14:00:00,2020-06-09 14:59:59.999,0.00178390,0.00178690,0.00178230,0.00178350,19265.93000000,34.36475195,1260,5543.33000000,9.89294159
2020-06-09 15:00:00,2020-06-09 15:59:59.999,0.00178340,0.00178540,0.00178190,0.00178300,32923.46000000,58.70717352,1048,4412.15000000,7.86923966
2020-06-09 16:00:00,2020-06-09 16:59:59.999,0.00178310,0.00178540,0.00178170,0.00178290,49233.95000000,87.77333205,1221,6687.24000000,11.92401636
2020-06-09 17:00:00,2020-06-09 17:59:59.999,0.00178300,0.00178500,0.00178150,0.00178350,40930.68000000,72.96256264,969,5529.74000000,9.86075224
2020-06-09 18:00:00,2020-06-09 18:59:59.999,0.00178360,0.00178500,0.00178330,0.00178390,40164.33000000,71.65489353,1062,6475.09000000,11.55229385
2020-06-09 19:00:00,2020-06-09 19:59:59.999,0.00178390,0.00178480,0.00177810,0.00178080,12714.45000000,22.64334316,1506,6323.91000000,11.26274393
2020-06-09 20:00:00,2020-06-09 20:59:59.999,0.00178080,0.00178250,0.00177760,0.00177930,36936.66000000,65.73165224,1159,6941.71000000,12.35571377
2020-06-09 21:00:00,2020-06-09 21:59:59.999,0.00177930,0.00177990,0.00177000,0.00177000,44736.72000000,79.41375777,2377,6884.72000000,12.22461347
2020-06-09 22:00:00,2020-06-09 22:59:59.999,0.00177030,0.00178010,0.00177000,0.00177540,38959.02000000,69.13979316,1736,12540.27000000,22.27755622
2020-06-09 23:00:00,2020-06-09 23:59:59.999,0.00177540,0.00177900,0.00177360,0.00177850,10685.25000000,18.97831163,1080,5777.37000000,10.26335973
2020-06-10 00:00:00,2020-06-10 00:59:59.999,0.00177810,0.00178370,0.00177430,0.00178090,40236.62000000,71.59624869,1821,20920.84000000,37.22979258
2020-06-10 01:00:00,2020-06-10 01:59:59.999,0.00178100,0.00178290,0.00177800,0.00178120,48348.00000000,86.06709549,1215,16568.57000000,29.49655741
2020-06-10 02:00:00,2020-06-10 02:59:59.999,0.00178130,0.00178180,0.00177900,0.00178100,18893.13000000,33.64299617,1095,7596.43000000,13.52799627
2020-06-10 03:00:00,2020-06-10 03:59:59.999,0.00178110,0.00178470,0.00178060,0.00178340,28629.64000000,51.05998111,1011,6897.67000000,12.29747146
2020-06-10 04:00:00,2020-06-10 04:59:59.999,0.00178360,0.00178410,0.00177920,0.00178020,36959.41000000,65.83311756,1132,3792.23000000,6.75715721
2020-06-10 05:00:00,2020-06-10 05:59:59.999,0.00178030,0.00178340,0.00177660,0.00178030,26232.41000000,46.69593100,1589,9126.57000000,16.24974139
2020-06-10 06:00:00,2020-06-10 06:59:59.999,0.00178050,0.00178140,0.00177310,0.00177390,18429.47000000,32.74498128,1492,8401.24000000,14.92436056
2020-06-10 07:00:00,2020-06-10 07:59:59.999,0.00177360,0.00178020,0.00177040,0.00177650,18029.44000000,31.99104554,1992,9595.64000000,17.02850980
2020-06-10 08:00:00,2020-06-10 08:59:59.999,0.00177650,0.00177860,0.00177500,0.00177730,14411.48000000,25.60207411,1076,4892.66000000,8.69447854
2020-06-10 09:00:00,2020-06-10 09:59:59.999,0.00177720,0.00177880,0.00177610,0.00177790,9058.88000000,16.10236288,1194,4471.03000000,7.94814485
2020-06-10 10:00:00,2020-06-10 10:59:59.999,0.00177790,0.00177870,0.00177620,0.00177710,6528.66000000,11.60369072,1078,3741.97000000,6.65163758
2020-06-10 11:00:00,2020-06-10 11:59:59.999,0.00177710,0.00177760,0.00177550,0.00177590,9674.47000000,17.18781070,1161,6784.88000000,12.05495635
2020-06-10 12:00:00,2020-06-10 12:59:59.999,0.00177590,0.00177700,0.00177210,0.00177560,15305.58000000,27.16992775,1320,9319.29000000,16.54590586
2020-06-10 13:00:00,2020-06-10 13:59:59.999,0.00177560,0.00177700,0.00177450,0.00177590,14833.57000000,26.34043924,1142,5170.66000000,9.18156822
2020-06-10 14:00:00,2020-06-10 14:59:59.999,0.00177640,0.00177700,0.00177300,0.00177370,17647.47000000,31.31618689,1323,3824.44000000,6.78936727
2020-06-10 15:00:00,2020-06-10 15:59:59.999,0.00177370,0.00177530,0.00177120,0.00177230,39660.38000000,70.32802559,2150,7167.47000000,12.71135119
2020-06-10 16:00:00,2020-06-10 16:59:59.999,0.00177220,0.00177370,0.00176650,0.00176960,54148.83000000,95.83962796,2532,12614.50000000,22.32343130
2020-06-10 17:00:00,2020-06-10 17:59:59.999,0.00176970,0.00177160,0.00176790,0.00176950,27914.95000000,49.39316416,1500,5041.68000000,8.92020051
2020-06-10 18:00:00,2020-06-10 18:59:59.999,0.00176960,0.00177640,0.00175090,0.00177310,102510.37000000,180.66377865,8126,42178.41000000,74.36621778
2020-06-10 19:00:00,2020-06-10 19:59:59.999,0.00177300,0.00177750,0.00175950,0.00176510,41246.70000000,72.93730519,3252,17136.10000000,30.30690087
2020-06-10 20:00:00,2020-06-10 20:59:59.999,0.00176520,0.00176880,0.00176080,0.00176410,12802.87000000,22.58617299,1380,5983.92000000,10.55745329
2020-06-10 21:00:00,2020-06-10 21:59:59.999,0.00176410,0.00176730,0.00176310,0.00176460,14998.54000000,26.47023991,1453,9229.79000000,16.29020735
2020-06-10 22:00:00,2020-06-10 22:59:59.999,0.00176470,0.00176640,0.00175600,0.00176200,18939.31000000,33.37345825,2190,11122.85000000,19.60746377
2020-06-10 23:00:00,2020-06-10 23:59:59.999,0.00176200,0.00176410,0.00175820,0.00176000,14886.00000000,26.21603032,1360,8701.36000000,15.32394173
2020-06-11 00:00:00,2020-06-11 00:59:59.999,0.00176000,0.00176900,0.00175880,0.00176600,60667.75000000,107.07269509,2246,32450.33000000,57.26583588
2020-06-11 01:00:00,2020-06-11 01:59:59.999,0.00176530,0.00176710,0.00175760,0.00175940,33141.99000000,58.43895965,1935,17772.32000000,31.34081874
2020-06-11 02:00:00,2020-06-11 02:59:59.999,0.00175940,0.00176310,0.00175610,0.00175980,16984.98000000,29.89193891,1712,10352.86000000,18.22300080
2020-06-11 03:00:00,2020-06-11 03:59:59.999,0.00176060,0.00176600,0.00175860,0.00176330,17170.22000000,30.26237611,2339,11185.50000000,19.71534052
2020-06-11 04:00:00,2020-06-11 04:59:59.999,0.00176340,0.00176660,0.00176210,0.00176340,17046.39000000,30.07820214,1820,7614.11000000,13.43640621
2020-06-11 05:00:00,2020-06-11 05:59:59.999,0.00176330,0.00176660,0.00176210,0.00176220,29215.63000000,51.53094892,1487,6203.66000000,10.94568878
2020-06-11 06:00:00,2020-06-11 06:59:59.999,0.00176210,0.00176900,0.00176020,0.00176560,18447.87000000,32.55540600,1792,11489.32000000,20.27565970
2020-06-11 07:00:00,2020-06-11 07:59:59.999,0.00176590,0.00176930,0.00176430,0.00176890,49849.23000000,88.12384122,1587,6353.44000000,11.22524187
2020-06-11 08:00:00,2020-06-11 08:59:59.999,0.00176890,0.00177070,0.00176740,0.00177010,39773.38000000,70.36073996,1745,6118.66000000,10.82678577
2020-06-11 09:00:00,2020-06-11 09:59:59.999,0.00177020,0.00177440,0.00176820,0.00177220,9718.55000000,17.21058866,1582,5361.62000000,9.49614024
2020-06-11 10:00:00,2020-06-11 10:59:59.999,0.00177210,0.00177480,0.00177060,0.00177220,11187.78000000,19.82760286,1678,4629.00000000,8.20442408
2020-06-11 11:00:00,2020-06-11 11:59:59.999,0.00177210,0.00177340,0.00176890,0.00176960,12872.60000000,22.80505078,1797,6238.94000000,11.05475425
2020-06-11 12:00:00,2020-06-11 12:59:59.999,0.00176960,0.00177760,0.00176950,0.00177670,18979.11000000,33.63668877,2382,10382.55000000,18.40565446
2020-06-11 13:00:00,2020-06-11 13:59:59.999,0.00177680,0.00177750,0.00176910,0.00177610,26877.62000000,47.66579345,3755,13502.33000000,23.94984802
2020-06-11 14:00:00,2020-06-11 14:59:59.999,0.00177610,0.00177760,0.00176780,0.00177500,37787.50000000,67.00368033,3462,21316.00000000,37.81240917
2020-06-11 15:00:00,2020-06-11 15:59:59.999,0.00177550,0.00178090,0.00177400,0.00177580,34966.71000000,62.15848790,3227,20165.79000000,35.84691441
2020-06-11 16:00:00,2020-06-11 16:59:59.999,0.00177590,0.00177930,0.00173400,0.00175250,121722.26000000,213.28778016,9560,37417.48000000,65.51803084
2020-06-11 17:00:00,2020-06-11 17:59:59.999,0.00175260,0.00177020,0.00174100,0.00176830,53141.70000000,93.59185466,5582,30580.17000000,53.87168817
2020-06-11 18:00:00,2020-06-11 18:59:59.999,0.00176810,0.00177200,0.00175730,0.00176320,21977.98000000,38.80165146,2653,11795.73000000,20.84092449
2020-06-11 19:00:00,2020-06-11 19:59:59.999,0.00176280,0.00176600,0.00175850,0.00176350,12813.36000000,22.58593422,1326,4609.06000000,8.12518840
2020-06-11 20:00:00,2020-06-11 20:59:59.999,0.00176340,0.00176400,0.00175790,0.00176230,14900.59000000,26.22996974,1684,8278.64000000,14.56925109
2020-06-11 21:00:00,2020-06-11 21:59:59.999,0.00176230,0.00176930,0.00176150,0.00176740,12584.86000000,22.21803147,1476,7674.26000000,13.55212524
2020-06-11 22:00:00,2020-06-11 22:59:59.999,0.00176730,0.00176790,0.00175670,0.00175720,10962.57000000,19.32212397,1400,3984.18000000,7.02334481
2020-06-11 23:00:00,2020-06-11 23:59:59.999,0.00175750,0.00175870,0.00174830,0.00175070,20757.53000000,36.39759376,2852,7305.43000000,12.81025508
2020-06-12 00:00:00,2020-06-12 00:59:59.999,0.00174860,0.00175850,0.00174050,0.00175720,24537.33000000,42.96850061,3054,11744.43000000,20.57665621
2020-06-12 01:00:00,2020-06-12 01:59:59.999,0.00175710,0.00176530,0.00175540,0.00176500,31235.54000000,55.02410705,1829,18710.87000000,32.96873650
2020-06-12 02:00:00,2020-06-12 02:59:59.999,0.00176510,0.00176520,0.00175920,0.00176050,69421.71000000,122.32227623,1780,17635.72000000,31.08071106
2020-06-12 03:00:00,2020-06-12 03:59:59.999,0.00176060,0.00176460,0.00175740,0.00176390,22076.84000000,38.89926206,1236,11153.12000000,19.65365333
2020-06-12 04:00:00,2020-06-12 04:59:59.999,0.00176310,0.00176440,0.00176110,0.00176430,30676.02000000,54.07471467,837,3991.50000000,7.03798607
2020-06-12 05:00:00,2020-06-12 05:59:59.999,0.00176430,0.00176800,0.00176150,0.00176550,31698.40000000,55.95193451,1237,6577.05000000,11.60853461
2020-06-12 06:00:00,2020-06-12 06:59:59.999,0.00176540,0.00176900,0.00176350,0.00176890,11644.56000000,20.56782868,1255,5055.26000000,8.93081559
2020-06-12 07:00:00,2020-06-12 07:59:59.999,0.00176890,0.00177000,0.00175830,0.00176080,34532.55000000,60.86058651,2242,9374.54000000,16.53249354
2020-06-12 08:00:00,2020-06-12 08:59:59.999,0.00176100,0.00176730,0.00175640,0.00175820,27660.81000000,48.73678072,1734,6675.86000000,11.76721681
2020-06-12 09:00:00,2020-06-12 09:59:59.999,0.00175820,0.00175860,0.00175450,0.00175760,22456.20000000,39.44767996,1714,7222.55000000,12.68792831
2020-06-12 10:00:00,2020-06-12 10:59:59.999,0.00175750,0.00176680,0.00175720,0.00176490,27207.69000000,47.97704279,2079,18461.61000000,32.54617059
2020-06-12 11:00:00,2020-06-12 11:59:59.999,0.00176560,0.00176610,0.00175820,0.00176060,25289.41000000,44.55755715,1623,14989.36000000,26.41506626
2020-06-12 12:00:00,2020-06-12 12:59:59.999,0.00176070,0.00176520,0.00175950,0.00176370,18490.04000000,32.57722044,1989,10588.39000000,18.65794363
2020-06-12 13:00:00,2020-06-12 13:59:59.999,0.00176430,0.00176430,0.00175540,0.00175750,20570.25000000,36.21781985,1864,11396.94000000,20.07107416
2020-06-12 14:00:00,2020-06-12 14:59:59.999,0.00175750,0.00176380,0.00175650,0.00175900,33843.76000000,59.59109191,2002,22941.21000000,40.40425669
2020-06-12 15:00:00,2020-06-12 15:59:59.999,0.00175960,0.00176130,0.00175540,0.00175610,34109.26000000,59.96857139,1883,22299.65000000,39.21203985
2020-06-12 16:00:00,2020-06-12 16:59:59.999,0.00175620,0.00175910,0.00175380,0.00175470,88710.15000000,155.80821476,1615,73163.73000000,128.49969039
2020-06-12 17:00:00,2020-06-12 17:59:59.999,0.00175520,0.00175830,0.00175210,0.00175740,62805.78000000,110.19933597,1588,52188.07000000,91.56855495
2020-06-12 18:00:00,2020-06-12 18:59:59.999,0.00175710,0.00176050,0.00175100,0.00175760,23617.60000000,41.46846587,1565,13843.38000000,24.31081926
2020-06-12 19:00:00,2020-06-12 19:59:59.999,0.00175760,0.00176020,0.00175540,0.00175730,15086.41000000,26.51379730,1351,6784.80000000,11.92686860
2020-06-12 20:00:00,2020-06-12 20:59:59.999,0.00175720,0.00175970,0.00175500,0.00175540,13009.22000000,22.86632673,1262,6512.98000000,11.45007662
2020-06-12 21:00:00,2020-06-12 21:59:59.999,0.00175570,0.00175780,0.00175330,0.00175500,18635.40000000,32.69614979,1192,12574.21000000,22.05952753
2020-06-12 22:00:00,2020-06-12 22:59:59.999,0.00175500,0.00175640,0.00175270,0.00175400,52109.29000000,91.41239690,1239,40305.97000000,70.70237004
2020-06-12 23:00:00,2020-06-12 23:59:59.999,0.00175410,0.00175830,0.00175250,0.00175720,35474.19000000,62.25567676,1302,28017.02000000,49.16409487
2020-06-13 00:00:00,2020-06-13 00:59:59.999,0.00175740,0.00176500,0.00175740,0.00175850,43428.18000000,76.47476851,1989,17950.19000000,31.61025981
2020-06-13 01:00:00,2020-06-13 01:59:59.999,0.00175850,0.00176270,0.00175840,0.00176180,22337.82000000,39.31868374,1217,7177.52000000,12.63622347
2020-06-13 02:00:00,2020-06-13 02:59:59.999,0.00176180,0.00176270,0.00175710,0.00175730,53158.98000000,93.49550590,1489,6614.85000000,11.64002801
2020-06-13 03:00:00,2020-06-13 03:59:59.999,0.00175710,0.00176150,0.00175570,0.00176150,26084.92000000,45.87048890,1481,7254.91000000,12.76547097
2020-06-13 04:00:00,2020-06-13 04:59:59.999,0.00176140,0.00176150,0.00175740,0.00175880,16128.39000000,28.38066690,1529,4432.15000000,7.80033485
2020-06-13 05:00:00,2020-06-13 05:59:59.999,0.00175870,0.00175990,0.00175710,0.00175810,26946.36000000,47.38555465,1383,5760.74000000,10.13140582
2020-06-13 06:00:00,2020-06-13 06:59:59.999,0.00175780,0.00176180,0.00175710,0.00175960,30798.22000000,54.15565833,1222,9671.39000000,17.01211083
2020-06-13 07:00:00,2020-06-13 07:59:59.999,0.00175960,0.00176100,0.00175550,0.00175760,50683.29000000,89.14983100,1523,4599.43000000,8.08910986
2020-06-13 08:00:00,2020-06-13 08:59:59.999,0.00175760,0.00175940,0.00175650,0.00175770,9838.17000000,17.29586349,1407,3466.01000000,6.09366497
2020-06-13 09:00:00,2020-06-13 09:59:59.999,0.00175770,0.00175770,0.00175270,0.00175480,10886.38000000,19.11059008,1540,2991.04000000,5.25131379
2020-06-13 10:00:00,2020-06-13 10:59:59.999,0.00175510,0.00176050,0.00175460,0.00175760,12976.04000000,22.79759040,1601,5183.86000000,9.10756889
2020-06-13 11:00:00,2020-06-13 11:59:59.999,0.00175760,0.00175940,0.00175640,0.00175730,11300.23000000,19.86409739,1635,4113.60000000,7.23120531
2020-06-13 12:00:00,2020-06-13 12:59:59.999,0.00175760,0.00175820,0.00175510,0.00175750,10768.28000000,18.91519118,1483,3599.47000000,6.32276477
2020-06-13 13:00:00,2020-06-13 13:59:59.999,0.00175770,0.00175930,0.00175650,0.00175810,31543.08000000,55.45347351,1415,25640.17000000,45.07642076
2020-06-13 14:00:00,2020-06-13 14:59:59.999,0.00175810,0.00176180,0.00175710,0.00176000,27916.13000000,49.13292209,1394,21628.29000000,38.06438862
2020-06-13 15:00:00,2020-06-13 15:59:59.999,0.00176010,0.00176180,0.00175680,0.00176090,63290.87000000,111.41883505,1639,49341.86000000,86.87397370
2020-06-13 16:00:00,2020-06-13 16:59:59.999,0.00176090,0.00176550,0.00175820,0.00176540,64327.65000000,113.42766003,1952,55323.00000000,97.55648160
2020-06-13 17:00:00,2020-06-13 17:59:59.999,0.00176550,0.00178050,0.00176540,0.00177910,81967.03000000,145.32409704,3117,65834.08000000,116.71408681
2020-06-13 18:00:00,2020-06-13 18:59:59.999,0.00177970,0.00178030,0.00177170,0.00177400,39100.74000000,69.41314526,1427,21968.65000000,39.00667801
2020-06-13 19:00:00,2020-06-13 19:59:59.999,0.00177400,0.00177660,0.00176840,0.00177020,22834.21000000,40.48225331,1521,11293.32000000,20.02511114
2020-06-13 20:00:00,2020-06-13 20:59:59.999,0.00177020,0.00177400,0.00176980,0.00177160,21524.21000000,38.14650510,1414,9890.46000000,17.52896586
2020-06-13 21:00:00,2020-06-13 21:59:59.999,0.00177130,0.00177690,0.00177060,0.00177550,11478.53000000,20.35770126,1393,4561.79000000,8.09218102
2020-06-13 22:00:00,2020-06-13 22:59:59.999,0.00177630,0.00177930,0.00177500,0.00177900,64047.15000000,113.90239044,1560,54187.74000000,96.39057892
2020-06-13 23:00:00,2020-06-13 23:59:59.999,0.00177900,0.00177930,0.00177450,0.00177470,110932.82000000,197.07493404,1344,91363.92000000,162.32332352
2020-06-14 00:00:00,2020-06-14 00:59:59.999,0.00177480,0.00177770,0.00177350,0.00177750,31234.55000000,55.44642145,1242,9294.11000000,16.49980466
2020-06-14 01:00:00,2020-06-14 01:59:59.999,0.00177770,0.00177980,0.00177660,0.00177720,37418.63000000,66.54106966,1249,10214.98000000,18.16891140
2020-06-14 02:00:00,2020-06-14 02:59:59.999,0.00177710,0.00177980,0.00177680,0.00177860,27396.07000000,48.72369160,1154,6839.11000000,12.16422593
2020-06-14 03:00:00,2020-06-14 03:59:59.999,0.00177870,0.00177980,0.00177610,0.00177870,19499.44000000,34.68186992,1144,7606.16000000,13.52898726
2020-06-14 04:00:00,2020-06-14 04:59:59.999,0.00177870,0.00177890,0.00177580,0.00177710,50452.93000000,89.69101749,1136,4608.52000000,8.19172591
2020-06-14 05:00:00,2020-06-14 05:59:59.999,0.00177750,0.00177930,0.00177470,0.00177670,59940.85000000,106.52430198,1165,3730.52000000,6.62986945
2020-06-14 06:00:00,2020-06-14 06:59:59.999,0.00177670,0.00177700,0.00177250,0.00177310,56042.81000000,99.50737584,1442,6432.25000000,11.42041035
2020-06-14 07:00:00,2020-06-14 07:59:59.999,0.00177320,0.00177550,0.00177110,0.00177250,10436.18000000,18.50439686,1111,5203.57000000,9.22895517
2020-06-14 08:00:00,2020-06-14 08:59:59.999,0.00177330,0.00177550,0.00177110,0.00177470,4569.47000000,8.10520630,774,2630.69000000,4.66643454
2020-06-14 09:00:00,2020-06-14 09:59:59.999,0.00177450,0.00177650,0.00177090,0.00177140,12424.28000000,22.03484528,1182,6675.46000000,11.83896021
2020-06-14 10:00:00,2020-06-14 10:59:59.999,0.00177180,0.00177370,0.00177080,0.00177200,10485.76000000,18.58302124,1172,4228.07000000,7.49458763
2020-06-14 11:00:00,2020-06-14 11:59:59.999,0.00177220,0.00177550,0.00177190,0.00177520,8356.32000000,14.82538632,996,4349.47000000,7.71729498
2020-06-14 12:00:00,2020-06-14 12:59:59.999,0.00177520,0.00177980,0.00177380,0.00177880,24207.43000000,43.04660382,1293,16180.03000000,28.77862549
2020-06-14 13:00:00,2020-06-14 13:59:59.999,0.00177930,0.00178060,0.00176700,0.00177050,41340.13000000,73.24257384,2326,27114.58000000,48.04394996
2020-06-14 14:00:00,2020-06-14 14:59:59.999,0.00177040,0.00177490,0.00176930,0.00177160,36767.36000000,65.10578173,2116,27409.75000000,48.53657508
2020-06-14 15:00:00,2020-06-14 15:59:59.999,0.00177230,0.00177420,0.00176930,0.00177090,42198.93000000,74.77383960,1509,32759.33000000,58.04966459
2020-06-14 16:00:00,2020-06-14 16:59:59.999,0.00177090,0.00177270,0.00176810,0.00176910,60582.29000000,107.26973275,1830,48855.69000000,86.51155267
2020-06-14 17:00:00,2020-06-14 17:59:59.999,0.00176900,0.00177050,0.00176740,0.00176930,51887.89000000,91.80981072,1384,43861.99000000,77.61033549
2020-06-14 18:00:00,2020-06-14 18:59:59.999,0.00176930,0.00177080,0.00176720,0.00176830,12949.82000000,22.91156014,1008,4453.55000000,7.88079507
2020-06-14 19:00:00,2020-06-14 19:59:59.999,0.00176820,0.00177280,0.00176820,0.00176960,15902.69000000,28.16172613,1019,7141.42000000,12.64663296
2020-06-14 20:00:00,2020-06-14 20:59:59.999,0.00176950,0.00177200,0.00176880,0.00176900,13234.99000000,23.43580714,978,4211.92000000,7.45943633
2020-06-14 21:00:00,2020-06-14 21:59:59.999,0.00176900,0.00177370,0.00176880,0.00177190,13812.89000000,24.45818014,1195,6463.75000000,11.44871198
2020-06-14 22:00:00,2020-06-14 22:59:59.999,0.00177180,0.00177310,0.00176640,0.00177050,16616.88000000,29.42191480,2008,7744.33000000,13.71586724
2020-06-14 23:00:00,2020-06-14 23:59:59.999,0.00177050,0.00177330,0.00176990,0.00177310,7846.86000000,13.91029774,903,6418.66000000,11.37908761
2020-06-15 00:00:00,2020-06-15 00:59:59.999,0.00177330,0.00177400,0.00177090,0.00177390,27974.48000000,49.57989261,1178,7540.13000000,13.36547920
2020-06-15 01:00:00,2020-06-15 01:59:59.999,0.00177400,0.00177490,0.00176660,0.00176820,38600.40000000,68.42457280,1837,12204.16000000,21.63431458
2020-06-15 02:00:00,2020-06-15 02:59:59.999,0.00176880,0.00177490,0.00176820,0.00177040,33984.72000000,60.18238587,1893,13253.79000000,23.47513755
2020-06-15 03:00:00,2020-06-15 03:59:59.999,0.00177030,0.00177100,0.00175310,0.00176330,42209.88000000,74.40849156,4064,20874.77000000,36.80893254
2020-06-15 04:00:00,2020-06-15 04:59:59.999,0.00176360,0.00176650,0.00176100,0.00176550,11484.95000000,20.26341285,1483,6033.33000000,10.64694691
2020-06-15 05:00:00,2020-06-15 05:59:59.999,0.00176550,0.00176890,0.00173000,0.00174850,65309.04000000,114.06032088,5424,23122.54000000,40.42009536
2020-06-15 06:00:00,2020-06-15 06:59:59.999,0.00174650,0.00175440,0.00173590,0.00174480,56206.34000000,97.95915264,4117,22809.73000000,39.81174952
2020-06-15 07:00:00,2020-06-15 07:59:59.999,0.00174480,0.00175170,0.00173670,0.00174250,26976.74000000,46.96588669,2812,11615.62000000,20.23335925
2020-06-15 08:00:00,2020-06-15 08:59:59.999,0.00174240,0.00174410,0.00173890,0.00174150,19813.35000000,34.50682426,1811,10454.94000000,18.21075596
2020-06-15 09:00:00,2020-06-15 09:59:59.999,0.00174070,0.00174410,0.00174000,0.00174170,8878.80000000,15.46601477,1110,4041.95000000,7.04218161
2020-06-15 10:00:00,2020-06-15 10:59:59.999,0.00174210,0.00174700,0.00173840,0.00173940,16571.72000000,28.89619453,1400,6761.59000000,11.79703480
2020-06-15 11:00:00,2020-06-15 11:59:59.999,0.00173940,0.00174360,0.00173660,0.00174320,15315.95000000,26.66440780,1856,8582.46000000,14.94297126
2020-06-15 12:00:00,2020-06-15 12:59:59.999,0.00174280,0.00175190,0.00174230,0.00174730,19758.38000000,34.53303761,1559,12761.95000000,22.30405595
2020-06-15 13:00:00,2020-06-15 13:59:59.999,0.00174710,0.00174910,0.00173710,0.00174040,22130.34000000,38.53224421,1892,12644.64000000,22.01510836
2020-06-15 14:00:00,2020-06-15 14:59:59.999,0.00174050,0.00174090,0.00173440,0.00174010,15673.74000000,27.23429742,1944,9190.44000000,15.96821583
2020-06-15 15:00:00,2020-06-15 15:59:59.999,0.00174000,0.00174080,0.00172880,0.00173410,24386.01000000,42.25694049,2580,9988.25000000,17.31764988
2020-06-15 16:00:00,2020-06-15 16:59:59.999,0.00173420,0.00173840,0.00172950,0.00173190,16044.67000000,27.81172948,1754,8479.10000000,14.69789731
2020-06-15 17:00:00,2020-06-15 17:59:59.999,0.00173240,0.00174000,0.00172950,0.00173830,13240.17000000,22.98711701,1468,7068.56000000,12.27245602
2020-06-15 18:00:00,2020-06-15 18:59:59.999,0.00173830,0.00173960,0.00173220,0.00173530,24018.81000000,41.69297823,2016,6809.43000000,11.82370434
2020-06-15 19:00:00,2020-06-15 19:59:59.999,0.00173560,0.00173960,0.00173360,0.00173690,11940.64000000,20.74172453,1601,5529.03000000,9.60554897
2020-06-15 20:00:00,2020-06-15 20:59:59.999,0.00173660,0.00174440,0.00173560,0.00174010,10576.35000000,18.40903270,1539,4254.29000000,7.40506576
2020-06-15 21:00:00,2020-06-15 21:59:59.999,0.00174080,0.00174520,0.00173750,0.00174500,9232.37000000,16.08536340,1219,3997.89000000,6.96811120
2020-06-15 22:00:00,2020-06-15 22:59:59.999,0.00174520,0.00174780,0.00173880,0.00173920,11764.48000000,20.51509044,1402,6023.64000000,10.50827325
2020-06-15 23:00:00,2020-06-15 23:59:59.999,0.00173980,0.00174010,0.00173400,0.00173800,21760.95000000,37.80262549,1304,16716.80000000,29.03952074
2020-06-16 00:00:00,2020-06-16 00:59:59.999,0.00173830,0.00174040,0.00173270,0.00173300,30537.49000000,53.01410829,1593,14714.37000000,25.54895157
2020-06-16 01:00:00,2020-06-16 01:59:59.999,0.00173300,0.00175470,0.00173070,0.00174770,43008.07000000,74.86680039,2730,21778.94000000,37.92744802
2020-06-16 02:00:00,2020-06-16 02:59:59.999,0.00174770,0.00174770,0.00173600,0.00173890,22352.74000000,38.91628795,1886,10405.01000000,18.12251717
2020-06-16 03:00:00,2020-06-16 03:59:59.999,0.00173880,0.00175320,0.00172730,0.00172730,36307.40000000,63.10223034,3407,18063.54000000,31.44600858
2020-06-16 04:00:00,2020-06-16 04:59:59.999,0.00172750,0.00173110,0.00172500,0.00172640,10789.38000000,18.63638923,1730,4390.09000000,7.58634916
2020-06-16 05:00:00,2020-06-16 05:59:59.999,0.00172640,0.00173030,0.00172500,0.00172910,10904.92000000,18.84110144,1206,4131.23000000,7.13910962
2020-06-16 06:00:00,2020-06-16 06:59:59.999,0.00172900,0.00173050,0.00172610,0.00172870,9373.80000000,16.19742677,1454,3252.43000000,5.62143628
2020-06-16 07:00:00,2020-06-16 07:59:59.999,0.00172820,0.00173040,0.00172210,0.00172290,20195.40000000,34.84944318,1889,5373.07000000,9.27669833
2020-06-16 08:00:00,2020-06-16 08:59:59.999,0.00172310,0.00172710,0.00172010,0.00172120,12417.07000000,21.39940307,1703,6583.25000000,11.34609005
2020-06-16 09:00:00,2020-06-16 09:59:59.999,0.00172130,0.00172940,0.00172010,0.00172810,13567.32000000,23.37620823,1596,6260.94000000,10.79610672
2020-06-16 10:00:00,2020-06-16 10:59:59.999,0.00172810,0.00172980,0.00172530,0.00172770,7185.47000000,12.40862178,1100,3831.35000000,6.61561772
2020-06-16 11:00:00,2020-06-16 11:59:59.999,0.00172830,0.00172990,0.00172340,0.00172340,7133.26000000,12.32255343,1294,2774.83000000,4.79440617
2020-06-16 12:00:00,2020-06-16 12:59:59.999,0.00172340,0.00172370,0.00171500,0.00171570,26030.56000000,44.74222993,2946,7118.20000000,12.23761045
2020-06-16 13:00:00,2020-06-16 13:59:59.999,0.00171550,0.00172950,0.00171550,0.00172370,36199.83000000,62.42281215,2315,27632.82000000,47.64409249
2020-06-16 14:00:00,2020-06-16 14:59:59.999,0.00172370,0.00172510,0.00171850,0.00172070,25645.34000000,44.17687231,1192,21903.44000000,37.73476624
2020-06-16 15:00:00,2020-06-16 15:59:59.999,0.00172070,0.00172070,0.00171520,0.00171570,21823.41000000,37.46612462,1724,9913.50000000,17.01979545
2020-06-16 16:00:00,2020-06-16 16:59:59.999,0.00171560,0.00171860,0.00171450,0.00171550,21932.46000000,37.62967447,1679,13670.00000000,23.45620619
2020-06-16 17:00:00,2020-06-16 17:59:59.999,0.00171560,0.00172610,0.00171500,0.00172350,14844.78000000,25.54304022,1483,8546.46000000,14.71341962
2020-06-16 18:00:00,2020-06-16 18:59:59.999,0.00172360,0.00173080,0.00172210,0.00172740,64810.35000000,112.01897997,1804,54600.17000000,94.37941809
2020-06-16 19:00:00,2020-06-16 19:59:59.999,0.00172750,0.00172890,0.00172080,0.00172530,17247.45000000,29.76538468,1164,11317.29000000,19.53766108
2020-06-16 20:00:00,2020-06-16 20:59:59.999,0.00172500,0.00172840,0.00172460,0.00172760,8792.07000000,15.17550950,985,3763.70000000,6.49724733
2020-06-16 21:00:00,2020-06-16 21:59:59.999,0.00172760,0.00172860,0.00172250,0.00172620,10050.09000000,17.34213985,1055,4778.40000000,8.24631685
2020-06-16 22:00:00,2020-06-16 22:59:59.999,0.00172620,0.00172720,0.00172280,0.00172320,33508.56000000,57.77445697,1199,26526.96000000,45.73567447
2020-06-16 23:00:00,2020-06-16 23:59:59.999,0.00172330,0.00172500,0.00172200,0.00172470,51340.28000000,88.46222095,1267,46459.56000000,80.05122256
2020-06-17 00:00:00,2020-06-17 00:59:59.999,0.00172470,0.00172590,0.00172170,0.00172390,23214.37000000,40.01305363,1382,9313.01000000,16.05361137
2020-06-17 01:00:00,2020-06-17 01:59:59.999,0.00172390,0.00173990,0.00172040,0.00173500,36415.81000000,62.92510716,2441,22231.90000000,38.43231018
2020-06-17 02:00:00,2020-06-17 02:59:59.999,0.00173480,0.00173690,0.00173020,0.00173190,21478.75000000,37.21626343,1468,8867.15000000,15.36265168
2020-06-17 03:00:00,2020-06-17 03:59:59.999,0.00173170,0.00173390,0.00172660,0.00173160,18056.46000000,31.25027682,1394,7656.29000000,13.24595953
2020-06-17 04:00:00,2020-06-17 04:59:59.999,0.00173160,0.00174980,0.00172850,0.00173510,37392.95000000,65.05992417,3130,20734.22000000,36.08091822
2020-06-17 05:00:00,2020-06-17 05:59:59.999,0.00173500,0.00173530,0.00173030,0.00173130,11298.80000000,19.57716114,1457,4219.75000000,7.31381233
2020-06-17 06:00:00,2020-06-17 06:59:59.999,0.00173130,0.00173520,0.00173000,0.00173270,14884.72000000,25.79100988,1379,7414.54000000,12.85003355
2020-06-17 07:00:00,2020-06-17 07:59:59.999,0.00173300,0.00173680,0.00173000,0.00173210,13721.34000000,23.78111253,1518,4069.17000000,7.05500105
2020-06-17 08:00:00,2020-06-17 08:59:59.999,0.00173210,0.00173600,0.00172990,0.00173340,20845.43000000,36.14494025,1490,3776.28000000,6.54553083
2020-06-17 09:00:00,2020-06-17 09:59:59.999,0.00173340,0.00173900,0.00173030,0.00173640,27786.83000000,48.18920819,1371,8538.06000000,14.81642012
2020-06-17 10:00:00,2020-06-17 10:59:59.999,0.00173640,0.00173640,0.00173080,0.00173450,11164.92000000,19.35740502,1273,5182.98000000,8.98746105
2020-06-17 11:00:00,2020-06-17 11:59:59.999,0.00173470,0.00173930,0.00173300,0.00173860,15120.02000000,26.25884666,1240,5295.66000000,9.19468550
2020-06-17 12:00:00,2020-06-17 12:59:59.999,0.00173840,0.00174270,0.00173670,0.00174270,12887.81000000,22.42939822,1577,8155.04000000,14.19316651
2020-06-17 13:00:00,2020-06-17 13:59:59.999,0.00174260,0.00174740,0.00173690,0.00173980,31236.15000000,54.37497084,2251,23049.70000000,40.12484898
2020-06-17 14:00:00,2020-06-17 14:59:59.999,0.00173980,0.00174350,0.00173800,0.00174220,35245.23000000,61.39352187,2340,26458.87000000,46.09360669
2020-06-17 15:00:00,2020-06-17 15:59:59.999,0.00174210,0.00174390,0.00173730,0.00173900,39850.32000000,69.38508451,2032,27748.26000000,48.31594480
2020-06-17 16:00:00,2020-06-17 16:59:59.999,0.00173890,0.00173920,0.00172950,0.00173020,46450.19000000,80.60020351,2386,27940.59000000,48.49618222
2020-06-17 17:00:00,2020-06-17 17:59:59.999,0.00173030,0.00173460,0.00172700,0.00173110,21726.29000000,37.60709041,1848,12330.78000000,21.34939171
2020-06-17 18:00:00,2020-06-17 18:59:59.999,0.00173180,0.00173260,0.00172940,0.00173220,9840.91000000,17.03562531,1549,4948.46000000,8.56743215
2020-06-17 19:00:00,2020-06-17 19:59:59.999,0.00173220,0.00173580,0.00172660,0.00172940,14451.29000000,25.04114694,1701,7007.13000000,12.14612678
2020-06-17 20:00:00,2020-06-17 20:59:59.999,0.00172930,0.00173170,0.00172460,0.00172690,40446.85000000,69.87647444,1971,30518.66000000,52.72875155
2020-06-17 21:00:00,2020-06-17 21:59:59.999,0.00172620,0.00173260,0.00172530,0.00173210,13876.78000000,23.98312231,1363,8253.59000000,14.26288829
2020-06-17 22:00:00,2020-06-17 22:59:59.999,0.00173210,0.00173820,0.00173170,0.00173620,34220.34000000,59.40167897,1407,28746.57000000,49.90986415
2020-06-17 23:00:00,2020-06-17 23:59:59.999,0.00173560,0.00173730,0.00173020,0.00173250,100651.99000000,174.47035584,1384,93485.13000000,162.04441678
2020-06-18 00:00:00,2020-06-18 00:59:59.999,0.00173220,0.00173810,0.00173120,0.00173660,19056.97000000,33.07884395,1250,10413.62000000,18.07801142
2020-06-18 01:00:00,2020-06-18 01:59:59.999,0.00173700,0.00174970,0.00173540,0.00174300,39981.10000000,69.69444718,2270,20716.04000000,36.10714841
2020-06-18 02:00:00,2020-06-18 02:59:59.999,0.00174310,0.00175400,0.00174100,0.00174680,34467.73000000,60.23344554,1991,17212.17000000,30.08694359
2020-06-18 03:00:00,2020-06-18 03:59:59.999,0.00174670,0.00174740,0.00174310,0.00174320,14719.82000000,25.68089778,1229,5288.88000000,9.22903043
2020-06-18 04:00:00,2020-06-18 04:59:59.999,0.00174400,0.00174530,0.00174170,0.00174410,11288.94000000,19.67867435,1186,6099.31000000,10.63373909
2020-06-18 05:00:00,2020-06-18 05:59:59.999,0.00174430,0.00174550,0.00174090,0.00174220,8201.05000000,14.29171782,1097,4070.68000000,7.09440676
2020-06-18 06:00:00,2020-06-18 06:59:59.999,0.00174220,0.00174510,0.00173980,0.00174460,11224.40000000,19.56048569,1242,6438.19000000,11.22153837
2020-06-18 07:00:00,2020-06-18 07:59:59.999,0.00174390,0.00174540,0.00173790,0.00174140,35074.78000000,61.08590136,1702,22284.20000000,38.80472558
2020-06-18 08:00:00,2020-06-18 08:59:59.999,0.00174140,0.00174170,0.00173500,0.00173770,47321.96000000,82.25718600,1820,34566.68000000,60.08445980
2020-06-18 09:00:00,2020-06-18 09:59:59.999,0.00173770,0.00174530,0.00173600,0.00174510,13477.29000000,23.45757370,1359,7939.56000000,13.81685793
2020-06-18 10:00:00,2020-06-18 10:59:59.999,0.00174510,0.00174530,0.00173540,0.00173770,16623.47000000,28.91419076,2070,9141.88000000,15.90417681
