time,price,BTC Qty,USDT Qty,isBuyerMaker,isBestMatch
2020-06-18 14:54:44.375,9422.15000000,0.07586900,714.84909835,True,True
2020-06-18 14:54:44.065,9422.16000000,0.02667800,251.36438448,False,True
2020-06-18 14:54:44.065,9422.15000000,0.05391200,507.96695080,False,True
2020-06-18 14:54:44.065,9422.12000000,0.00795900,74.99065308,False,True
2020-06-18 14:54:44.065,9422.01000000,0.01938200,182.61739782,False,True
2020-06-18 14:54:44.065,9422.01000000,0.80000000,7537.60800000,False,True
2020-06-18 14:54:44.065,9422.01000000,0.01672500,157.58311725,False,True
2020-06-18 14:54:44.016,9422.01000000,0.00636700,59.98993767,False,True
2020-06-18 14:54:42.720,9422.00000000,0.16665600,1570.23283200,True,True
2020-06-18 14:54:42.340,9422.00000000,0.36971000,3483.40762000,True,True
2020-06-18 14:54:41.879,9422.01000000,0.01061300,99.99579213,False,True
2020-06-18 14:54:41.806,9422.00000000,0.02154600,203.00641200,True,True
2020-06-18 14:54:41.698,9422.01000000,0.02177000,205.11715770,False,True
2020-06-18 14:54:41.600,9422.01000000,0.00941700,88.72706817,False,True
2020-06-18 14:54:41.600,9422.01000000,0.04459700,420.19337997,False,True
2020-06-18 14:54:41.483,9422.01000000,0.01072200,101.02279122,False,True
2020-06-18 14:54:40.324,9422.00000000,0.03079900,290.18817800,True,True
2020-06-18 14:54:40.234,9422.01000000,0.32589400,3070.57652694,False,True
2020-06-18 14:54:40.022,9422.01000000,0.15200000,1432.14552000,False,True
2020-06-18 14:54:40.006,9422.01000000,0.00146700,13.82208867,False,True
2020-06-18 14:54:39.142,9422.00000000,0.24868900,2343.14775800,True,True
2020-06-18 14:54:39.034,9422.00000000,0.12329700,1161.70433400,True,True
2020-06-18 14:54:38.912,9422.00000000,0.01420000,133.79240000,True,True
2020-06-18 14:54:35.317,9422.14000000,0.00454200,42.79535988,True,True
2020-06-18 14:54:35.317,9422.14000000,0.00356100,33.55224054,True,True
2020-06-18 14:54:35.317,9422.14000000,0.00475000,44.75516500,True,True
2020-06-18 14:54:35.317,9422.14000000,0.00590100,55.60004814,True,True
2020-06-18 14:54:34.610,9422.14000000,0.00329400,31.03652916,True,True
2020-06-18 14:54:34.543,9422.15000000,0.04293600,404.54943240,False,True
2020-06-18 14:54:31.187,9422.15000000,0.00441900,41.63648085,False,True
2020-06-18 14:54:30.408,9422.16000000,0.00437400,41.21252784,False,True
2020-06-18 14:54:30.252,9422.16000000,0.29309000,2761.54087440,False,True
2020-06-18 14:54:30.252,9422.09000000,0.01500000,141.33135000,False,True
2020-06-18 14:54:30.252,9422.06000000,0.01500000,141.33090000,False,True
2020-06-18 14:54:30.252,9422.05000000,0.01646200,155.10578710,False,True
2020-06-18 14:54:29.439,9422.03000000,0.04395000,414.09821850,True,True
2020-06-18 14:54:29.337,9422.03000000,0.00202200,19.05134466,True,True
2020-06-18 14:54:29.333,9422.16000000,0.05844500,550.67814120,False,True
2020-06-18 14:54:28.796,9422.16000000,0.00263000,24.78028080,False,True
2020-06-18 14:54:28.693,9422.16000000,0.03299300,310.86532488,False,True
2020-06-18 14:54:28.277,9422.12000000,0.05032000,474.12107840,False,True
2020-06-18 14:54:28.174,9422.12000000,0.00815900,76.87507708,False,True
2020-06-18 14:54:28.174,9422.12000000,0.04664100,439.45709892,False,True
2020-06-18 14:54:28.075,9422.17000000,0.05140000,484.29953800,False,True
2020-06-18 14:54:27.968,9422.17000000,0.04708000,443.59576360,False,True
2020-06-18 14:54:27.862,9422.17000000,0.05224000,492.21416080,False,True
2020-06-18 14:54:27.759,9422.17000000,0.05224000,492.21416080,False,True
2020-06-18 14:54:27.563,9422.31000000,0.00116700,10.99583577,True,True
2020-06-18 14:54:26.721,9422.32000000,0.10612900,999.98139928,False,True
2020-06-18 14:54:25.186,9422.32000000,0.00200000,18.84464000,False,True
2020-06-18 14:54:25.037,9422.31000000,0.02968200,279.67300542,True,True
2020-06-18 14:54:24.840,9422.32000000,0.00315900,29.76510888,False,True
2020-06-18 14:54:24.608,9422.32000000,0.01098100,103.46649592,False,True
2020-06-18 14:54:24.608,9422.24000000,0.01500000,141.33360000,False,True
2020-06-18 14:54:24.608,9422.20000000,0.00492100,46.36664620,False,True
2020-06-18 14:54:24.568,9422.20000000,0.00208000,19.59817600,False,True
2020-06-18 14:54:24.453,9422.19000000,0.00433100,40.80750489,False,True
2020-06-18 14:54:24.453,9422.17000000,0.04612000,434.55048040,False,True
2020-06-18 14:54:24.453,9422.20000000,0.00799900,75.36817780,False,True
2020-06-18 14:54:24.453,9422.17000000,0.01453500,136.95124095,False,True
2020-06-18 14:54:22.723,9422.17000000,0.03700000,348.62029000,False,True
2020-06-18 14:54:21.150,9422.17000000,0.00000700,0.06595519,True,True
2020-06-18 14:54:21.150,9422.16000000,0.00499300,47.04484488,True,True
2020-06-18 14:54:21.100,9422.18000000,0.00992100,93.47744778,False,True
2020-06-18 14:54:21.035,9422.17000000,0.02153300,202.88758661,True,True
2020-06-18 14:54:20.939,9422.17000000,0.00530300,49.96576751,True,True
2020-06-18 14:54:20.810,9422.18000000,0.00512400,48.27925032,False,True
2020-06-18 14:54:20.261,9422.17000000,0.00181300,17.08239421,True,True
2020-06-18 14:54:20.029,9422.18000000,0.04030000,379.71385400,True,True
2020-06-18 14:54:19.237,9422.01000000,0.01897700,178.80148377,False,True
2020-06-18 14:54:18.878,9422.01000000,0.02839300,267.51912993,False,True
2020-06-18 14:54:18.878,9422.01000000,0.04445300,418.83661053,False,True
2020-06-18 14:54:18.400,9422.00000000,0.00581200,54.76066400,True,True
2020-06-18 14:54:17.031,9422.00000000,0.00501700,47.27017400,True,True
2020-06-18 14:54:16.368,9422.00000000,0.00133200,12.55010400,True,True
2020-06-18 14:54:15.729,9422.00000000,0.00584000,55.02448000,True,True
2020-06-18 14:54:15.620,9422.00000000,0.00335800,31.63907600,True,True
2020-06-18 14:54:15.516,9422.00000000,0.00407600,38.40407200,True,True
2020-06-18 14:54:15.412,9422.00000000,0.00208000,19.59776000,True,True
2020-06-18 14:54:15.307,9422.00000000,0.00250000,23.55500000,True,True
2020-06-18 14:54:15.203,9422.00000000,0.00127800,12.04131600,True,True
2020-06-18 14:54:15.107,9422.00000000,0.00718100,67.65938200,True,True
2020-06-18 14:54:15.003,9422.00000000,0.00250000,23.55500000,True,True
2020-06-18 14:54:14.892,9422.00000000,0.00458000,43.15276000,True,True
2020-06-18 14:54:14.788,9422.00000000,0.00250000,23.55500000,True,True
2020-06-18 14:54:14.680,9422.00000000,0.00369700,34.83313400,True,True
2020-06-18 14:54:14.581,9422.00000000,0.00208000,19.59776000,True,True
2020-06-18 14:54:14.483,9422.00000000,0.00250000,23.55500000,True,True
2020-06-18 14:54:14.379,9422.00000000,0.00250000,23.55500000,True,True
2020-06-18 14:54:14.333,9420.04000000,0.00367700,34.63748708,False,True
2020-06-18 14:54:14.333,9420.64000000,6.35147800,59834.98770592,False,True
2020-06-18 14:54:14.333,9420.04000000,0.02000000,188.40080000,False,True
2020-06-18 14:54:14.333,9420.11000000,0.00419500,39.51736145,False,True
2020-06-18 14:54:14.333,9420.04000000,0.00327800,30.87889112,False,True
2020-06-18 14:54:14.333,9421.98000000,0.26213400,2469.82130532,False,True
2020-06-18 14:54:14.333,9420.57000000,0.00687600,64.77583932,False,True
2020-06-18 14:54:14.333,9420.57000000,0.01649800,155.42056386,False,True
2020-06-18 14:54:13.303,9420.03000000,0.03316500,312.41529495,True,True
2020-06-18 14:54:11.396,9419.92000000,0.00851100,80.17293912,False,True
2020-06-18 14:54:11.396,9419.91000000,0.00263500,24.82146285,False,True
2020-06-18 14:54:11.217,9419.72000000,0.01264100,119.07468052,True,True
2020-06-18 14:54:11.018,9419.72000000,0.34521800,3251.85689896,True,True
2020-06-18 14:54:11.015,9419.91000000,0.00342900,32.30087139,False,True
2020-06-18 14:54:10.879,9419.96000000,0.05312100,500.39769516,True,True
2020-06-18 14:54:10.879,9419.71000000,0.13200700,1243.46765797,True,True
2020-06-18 14:54:10.879,9419.96000000,0.11900000,1120.97524000,True,True
2020-06-18 14:54:09.249,9419.80000000,0.00459700,43.30282060,True,True
2020-06-18 14:54:08.248,9419.71000000,0.11996300,1130.01667073,True,True
2020-06-18 14:54:08.248,9419.96000000,0.04242100,399.60412316,True,True
2020-06-18 14:54:08.248,9420.03000000,0.01594600,150.21179838,True,True
2020-06-18 14:54:05.414,9420.03000000,0.00111200,10.47507336,True,True
2020-06-18 14:54:04.734,9420.04000000,0.00966200,91.01642648,False,True
2020-06-18 14:54:04.706,9420.03000000,0.03143400,296.10922302,True,True
2020-06-18 14:54:04.706,9420.11000000,0.00966200,91.01710282,True,True
2020-06-18 14:54:03.732,9420.11000000,0.00162000,15.26057820,True,True
2020-06-18 14:54:03.650,9420.11000000,0.00703200,66.24221352,True,True
2020-06-18 14:54:03.650,9420.11000000,0.00262800,24.75604908,True,True
2020-06-18 14:54:02.727,9420.60000000,0.00966200,91.02183720,False,True
2020-06-18 14:54:02.590,9420.11000000,0.04327500,407.65526025,True,True
2020-06-18 14:54:00.775,9420.13000000,0.00191700,18.05838921,True,True
2020-06-18 14:54:00.453,9420.62000000,0.02390100,225.16223862,False,True
2020-06-18 14:54:00.453,9420.62000000,0.00633500,59.67962770,False,True
2020-06-18 14:54:00.453,9420.62000000,0.02257800,212.69875836,False,True
2020-06-18 14:54:00.453,9420.64000000,0.05718600,538.72871904,False,True
2020-06-18 14:54:00.212,9420.62000000,0.32072800,3021.45661136,False,True
2020-06-18 14:53:59.656,9420.61000000,0.16332100,1538.58344581,False,True
2020-06-18 14:53:58.190,9420.03000000,0.02320800,218.62005624,False,True
2020-06-18 14:53:57.622,9420.03000000,0.00297800,28.05284934,False,True
2020-06-18 14:53:57.551,9419.96000000,0.01070000,100.79357200,True,True
2020-06-18 14:53:57.319,9419.88000000,0.05154700,485.56655436,True,True
2020-06-18 14:53:56.111,9419.88000000,0.02948300,277.72632204,False,True
2020-06-18 14:53:55.920,9420.03000000,0.10000000,942.00300000,True,True
2020-06-18 14:53:54.796,9420.03000000,0.16372300,1542.27557169,True,True
2020-06-18 14:53:54.742,9420.20000000,2.34000000,22043.26800000,True,True
2020-06-18 14:53:54.742,9420.61000000,0.39091200,3682.62949632,True,True
2020-06-18 14:53:54.742,9420.61000000,0.43500000,4097.96535000,True,True
2020-06-18 14:53:54.742,9420.61000000,0.24007200,2261.62468392,True,True
2020-06-18 14:53:54.742,9420.61000000,0.40000000,3768.24400000,True,True
2020-06-18 14:53:54.742,9420.49000000,0.05312000,500.41642880,True,True
2020-06-18 14:53:54.742,9420.19000000,0.34384400,3239.07581036,True,True
2020-06-18 14:53:54.742,9420.13000000,0.01409000,132.72963170,True,True
2020-06-18 14:53:54.742,9420.13000000,0.00620300,58.43306639,True,True
2020-06-18 14:53:54.742,9420.00000000,0.21289200,2005.44264000,True,True
2020-06-18 14:53:54.742,9419.86000000,0.56386700,5311.54819862,True,True
2020-06-18 14:53:54.384,9420.62000000,0.00399900,37.67305938,False,True
2020-06-18 14:53:54.374,9420.61000000,0.00129700,12.21853117,True,True
2020-06-18 14:53:54.268,9420.61000000,0.05421200,510.71010932,True,True
2020-06-18 14:53:54.057,9420.61000000,0.04746700,447.16809487,True,True
2020-06-18 14:53:53.894,9420.61000000,0.00116800,11.00327248,True,True
2020-06-18 14:53:53.473,9420.62000000,0.06074100,572.21787942,False,True
2020-06-18 14:53:53.148,9420.62000000,0.06114100,575.98612742,False,True
2020-06-18 14:53:52.806,9420.62000000,0.06000700,565.30314434,False,True
2020-06-18 14:53:52.483,9420.62000000,0.06213900,585.38790618,False,True
2020-06-18 14:53:52.474,9420.61000000,0.00207400,19.53834514,True,True
2020-06-18 14:53:52.214,9420.62000000,0.07603700,716.31568294,False,True
2020-06-18 14:53:52.160,9420.62000000,0.00267600,25.20957912,False,True
2020-06-18 14:53:52.140,9420.62000000,0.06351800,598.37894116,False,True
2020-06-18 14:53:51.801,9420.62000000,0.06018900,567.01769718,False,True
2020-06-18 14:53:51.469,9420.62000000,0.06086900,573.42371878,False,True
2020-06-18 14:53:51.141,9420.62000000,0.06079200,572.69833104,False,True
2020-06-18 14:53:50.805,9420.62000000,0.06100900,574.74260558,False,True
2020-06-18 14:53:50.798,9420.61000000,0.00237000,22.32684570,True,True
2020-06-18 14:53:50.474,9420.62000000,0.06126800,577.18254616,False,True
2020-06-18 14:53:50.139,9420.62000000,0.06135500,578.00214010,False,True
2020-06-18 14:53:49.809,9420.62000000,0.06001400,565.36908868,False,True
2020-06-18 14:53:49.483,9420.62000000,0.06104100,575.04406542,False,True
2020-06-18 14:53:49.457,9420.61000000,0.22020000,2074.41832200,True,True
2020-06-18 14:53:49.153,9420.62000000,0.06068700,571.70916594,False,True
2020-06-18 14:53:48.822,9420.62000000,0.06057500,570.65405650,False,True
2020-06-18 14:53:48.513,9420.61000000,0.01896700,178.68070987,True,True
2020-06-18 14:53:48.498,9420.62000000,0.06077200,572.50991864,False,True
2020-06-18 14:53:48.160,9420.62000000,0.06179000,582.10010980,False,True
2020-06-18 14:53:47.829,9420.62000000,0.06051900,570.12650178,False,True
2020-06-18 14:53:47.497,9420.62000000,0.06092700,573.97011474,False,True
2020-06-18 14:53:47.176,9420.62000000,0.06124300,576.94703066,False,True
2020-06-18 14:53:46.912,9420.62000000,0.02948100,277.72929822,False,True
2020-06-18 14:53:46.838,9420.62000000,0.39371500,3709.03940330,False,True
2020-06-18 14:53:46.838,9420.61000000,0.00628500,59.20853385,False,True
2020-06-18 14:53:45.536,9420.62000000,0.23670900,2229.94553958,False,True
2020-06-18 14:53:45.536,9420.61000000,0.24679900,2324.99712739,False,True
2020-06-18 14:53:44.806,9420.26000000,0.08100200,763.05990052,False,True
2020-06-18 14:53:44.075,9420.62000000,0.11465000,1080.07408300,False,True
2020-06-18 14:53:43.411,9420.62000000,0.03980000,374.94067600,False,True
2020-06-18 14:53:43.297,9420.61000000,0.00408600,38.49261246,True,True
2020-06-18 14:53:42.454,9420.61000000,0.00559000,52.66120990,True,True
2020-06-18 14:53:42.218,9420.61000000,0.00664900,62.63763589,True,True
2020-06-18 14:53:42.021,9420.62000000,0.00602200,56.73097364,False,True
2020-06-18 14:53:40.740,9420.61000000,0.01092800,102.94842608,True,True
2020-06-18 14:53:39.811,9420.62000000,0.03777100,355.82623802,False,True
2020-06-18 14:53:39.811,9420.19000000,0.01222900,115.19950351,False,True
2020-06-18 14:53:39.669,9420.19000000,0.02234100,210.45646479,False,True
2020-06-18 14:53:38.278,9420.63000000,0.01700000,160.15071000,True,True
2020-06-18 14:53:36.597,9420.63000000,0.04126300,388.72345569,True,True
2020-06-18 14:53:35.706,9420.63000000,0.02982400,280.96086912,True,True
2020-06-18 14:53:34.993,9420.63000000,0.00250000,23.55157500,True,True
2020-06-18 14:53:34.886,9420.63000000,0.00425000,40.03767750,True,True
2020-06-18 14:53:34.785,9420.63000000,0.00250000,23.55157500,True,True
2020-06-18 14:53:34.674,9420.64000000,0.06826300,643.08114832,False,True
2020-06-18 14:53:33.196,9420.58000000,0.00607200,57.20176176,False,True
2020-06-18 14:53:32.877,9420.61000000,0.00830700,78.25700727,False,True
2020-06-18 14:53:32.747,9420.63000000,0.15054000,1418.18164020,False,True
2020-06-18 14:53:31.939,9420.64000000,0.15491900,1459.43612816,False,True
2020-06-18 14:53:31.939,9420.61000000,0.01430200,134.73356422,False,True
2020-06-18 14:53:31.939,9420.60000000,0.00838500,78.99173100,False,True
2020-06-18 14:53:31.939,9420.11000000,0.00000400,0.03768044,False,True
2020-06-18 14:53:31.454,9420.11000000,0.02903700,273.53173407,False,True
2020-06-18 14:53:30.870,9420.10000000,0.02689000,253.30648900,True,True
2020-06-18 14:53:30.137,9420.11000000,0.08924400,840.68829684,False,True
2020-06-18 14:53:30.137,9420.10000000,0.00417600,39.33833760,False,True
2020-06-18 14:53:30.137,9419.99000000,0.01256200,118.33391438,False,True
2020-06-18 14:53:30.015,9420.11000000,0.10003600,942.35012396,False,True
2020-06-18 14:53:30.015,9419.78000000,0.00000600,0.05651868,False,True
2020-06-18 14:53:28.314,9419.78000000,0.02995900,282.20718902,False,True
2020-06-18 14:53:28.061,9419.78000000,0.01845000,173.79494100,False,True
2020-06-18 14:53:23.554,9419.56000000,0.07431700,700.03344052,True,True
2020-06-18 14:53:23.554,9419.55000000,0.18299900,1723.76823045,True,True
2020-06-18 14:53:23.198,9419.56000000,0.05220300,491.72929068,False,True
2020-06-18 14:53:21.948,9419.58000000,0.00151400,14.26124412,False,True
2020-06-18 14:53:21.771,9419.58000000,0.18000000,1695.52440000,True,True
2020-06-18 14:53:21.771,9419.77000000,0.06067000,571.49744590,True,True
2020-06-18 14:53:21.771,9419.77000000,0.50000000,4709.88500000,True,True
2020-06-18 14:53:21.623,9419.78000000,0.00249500,23.50235110,False,True
2020-06-18 14:53:21.099,9419.78000000,0.06514800,613.67982744,False,True
2020-06-18 14:53:20.679,9419.78000000,0.04968900,468.05944842,False,True
2020-06-18 14:53:20.624,9419.79000000,0.00312400,29.42742396,True,True
2020-06-18 14:53:20.624,9419.99000000,0.05264200,495.88711358,True,True
2020-06-18 14:53:20.624,9420.10000000,0.01699900,160.13227990,True,True
2020-06-18 14:53:20.624,9420.10000000,0.23991600,2260.03271160,True,True
2020-06-18 14:53:20.363,9420.11000000,0.05349900,503.96646489,False,True
2020-06-18 14:53:20.260,9420.11000000,0.05216300,491.38119793,False,True
2020-06-18 14:53:20.157,9420.11000000,0.05177500,487.72619525,False,True
2020-06-18 14:53:19.085,9420.10000000,0.00250000,23.55025000,True,True
2020-06-18 14:53:18.997,9420.10000000,0.00314900,29.66389490,True,True
2020-06-18 14:53:18.853,9420.11000000,0.68612300,6463.35413353,False,True
2020-06-18 14:53:18.853,9420.10000000,0.09057100,853.18787710,False,True
2020-06-18 14:53:18.853,9420.00000000,0.02853800,268.82796000,False,True
2020-06-18 14:53:18.338,9419.99000000,0.03457000,325.64905430,True,True
2020-06-18 14:53:17.534,9419.99000000,0.01328000,125.09746720,True,True
2020-06-18 14:53:17.293,9419.99000000,0.00421000,39.65815790,True,True
2020-06-18 14:53:17.085,9420.00000000,0.00507000,47.75940000,False,True
2020-06-18 14:53:16.966,9420.00000000,0.00937500,88.31250000,False,True
2020-06-18 14:53:16.602,9420.00000000,0.01000000,94.20000000,False,True
2020-06-18 14:53:16.601,9420.00000000,0.02000000,188.40000000,False,True
2020-06-18 14:53:16.600,9420.00000000,0.03000000,282.60000000,False,True
2020-06-18 14:53:16.560,9420.00000000,0.12000000,1130.40000000,False,True
2020-06-18 14:53:15.841,9419.79000000,0.00624500,58.82658855,False,True
2020-06-18 14:53:15.841,9419.79000000,0.00318200,29.97377178,False,True
2020-06-18 14:53:15.841,9419.79000000,0.00465000,43.80202350,False,True
2020-06-18 14:53:15.045,9419.78000000,0.00133700,12.59424586,True,True
2020-06-18 14:53:14.923,9419.79000000,0.00749800,70.62958542,False,True
2020-06-18 14:53:14.923,9419.79000000,0.00441700,41.60721243,False,True
2020-06-18 14:53:13.461,9419.41000000,0.08257900,777.84545839,True,True
2020-06-18 14:53:13.461,9419.52000000,0.00737800,69.49721856,True,True
2020-06-18 14:53:13.461,9419.52000000,0.01940900,182.82346368,True,True
2020-06-18 14:53:13.461,9419.99000000,0.14063400,1324.77087366,True,True
2020-06-18 14:53:12.712,9419.99000000,0.00459700,43.30369403,True,True
2020-06-18 14:53:10.992,9419.99000000,0.03375000,317.92466250,True,True
2020-06-18 14:53:10.116,9419.99000000,0.87093100,8204.16131069,True,True
2020-06-18 14:53:09.965,9420.00000000,0.09275800,873.78036000,False,True
2020-06-18 14:53:08.700,9419.99000000,0.04978600,468.98362214,True,True
2020-06-18 14:53:08.551,9420.00000000,0.01000000,94.20000000,False,True
2020-06-18 14:53:07.775,9419.99000000,0.30124900,2837.76256751,True,True
2020-06-18 14:53:07.706,9419.99000000,0.03572300,336.51030277,True,True
2020-06-18 14:53:07.455,9420.00000000,0.01291800,121.68756000,False,True
2020-06-18 14:53:07.321,9420.00000000,0.04626600,435.82572000,False,True
2020-06-18 14:53:07.108,9420.00000000,0.02264200,213.28764000,False,True
2020-06-18 14:53:07.009,9420.00000000,0.04751200,447.56304000,False,True
2020-06-18 14:53:06.892,9420.00000000,0.04992100,470.25582000,False,True
2020-06-18 14:53:06.249,9420.00000000,0.00262400,24.71808000,False,True
2020-06-18 14:53:06.153,9419.99000000,0.00530400,49.96362696,True,True
2020-06-18 14:53:05.696,9420.00000000,0.02025800,190.83036000,False,True
2020-06-18 14:53:05.689,9420.00000000,0.00200700,18.90594000,False,True
2020-06-18 14:53:05.369,9419.99000000,0.01497500,141.06435025,True,True
2020-06-18 14:53:04.680,9419.99000000,0.00522900,49.25712771,True,True
2020-06-18 14:53:04.553,9419.99000000,0.19626100,1848.77665739,True,True
2020-06-18 14:53:04.514,9419.99000000,0.17820000,1678.64221800,True,True
2020-06-18 14:53:04.499,9419.99000000,0.00472600,44.51887274,True,True
2020-06-18 14:53:04.469,9420.00000000,0.00177100,16.68282000,False,True
2020-06-18 14:53:02.929,9419.99000000,0.29563300,2784.85990367,True,True
2020-06-18 14:53:02.929,9419.99000000,0.01463300,137.84271367,True,True
2020-06-18 14:53:02.929,9419.99000000,0.02158400,203.32106416,True,True
2020-06-18 14:53:02.929,9419.99000000,0.06066900,571.50137331,True,True
2020-06-18 14:53:02.929,9419.52000000,0.01798500,169.41006720,True,True
2020-06-18 14:53:02.929,9419.59000000,0.05250900,494.61325131,True,True
2020-06-18 14:53:02.929,9419.41000000,0.15698700,1478.72491767,True,True
2020-06-18 14:53:02.369,9419.99000000,0.00789500,74.37082105,True,True
2020-06-18 14:53:02.369,9419.99000000,0.03723600,350.76274764,True,True
2020-06-18 14:53:02.369,9419.99000000,0.05095400,479.98617046,True,True
2020-06-18 14:53:01.997,9419.99000000,0.03700000,348.53963000,True,True
2020-06-18 14:53:01.845,9420.00000000,0.00577900,54.43818000,False,True
2020-06-18 14:53:01.775,9419.99000000,0.51388300,4840.77272117,True,True
2020-06-18 14:53:01.775,9419.99000000,0.38485600,3625.33967144,True,True
2020-06-18 14:53:01.108,9419.99000000,0.02151000,202.62398490,True,True
2020-06-18 14:53:00.574,9420.00000000,0.05499900,518.09058000,False,True
2020-06-18 14:53:00.481,9419.99000000,0.00208000,19.59357920,True,True
2020-06-18 14:53:00.470,9420.00000000,0.02633800,248.10396000,False,True
2020-06-18 14:53:00.369,9419.99000000,0.00250000,23.54997500,True,True
2020-06-18 14:53:00.363,9420.00000000,0.00655200,61.71984000,False,True
2020-06-18 14:53:00.250,9419.99000000,0.00208000,19.59357920,True,True
2020-06-18 14:53:00.153,9420.00000000,0.01443100,135.94002000,False,True
2020-06-18 14:53:00.153,9419.99000000,0.00250000,23.54997500,True,True
2020-06-18 14:53:00.062,9419.99000000,0.00208000,19.59357920,True,True
2020-06-18 14:52:59.881,9419.99000000,0.00849500,80.02281505,True,True
2020-06-18 14:52:59.707,9419.99000000,0.00530500,49.97304695,True,True
2020-06-18 14:52:59.662,9419.99000000,0.00424900,40.02553751,True,True
2020-06-18 14:52:59.608,9419.99000000,0.06384500,601.41926155,True,True
2020-06-18 14:52:59.444,9419.99000000,0.00522900,49.25712771,False,True
2020-06-18 14:52:59.435,9419.57000000,0.10580700,996.65644299,False,True
2020-06-18 14:52:59.357,9419.00000000,0.50000000,4709.50000000,False,True
2020-06-18 14:52:59.356,9418.99000000,0.07759000,730.81943410,False,True
2020-06-18 14:52:59.338,9418.34000000,0.03000000,282.55020000,False,True
2020-06-18 14:52:59.338,9418.68000000,0.05252400,494.70674832,False,True
2020-06-18 14:52:59.336,9418.33000000,0.00212000,19.96685960,False,True
2020-06-18 14:52:59.336,9418.31000000,0.01318500,124.18041735,False,True
2020-06-18 14:52:59.336,9418.31000000,0.00633400,59.65557554,False,True
2020-06-18 14:52:59.335,9417.85000000,0.60854400,5731.17611040,False,True
2020-06-18 14:52:59.328,9417.85000000,0.87500000,8240.61875000,False,True
2020-06-18 14:52:59.325,9417.85000000,0.46366700,4366.74625595,False,True
2020-06-18 14:52:59.325,9417.85000000,0.03583300,337.46981905,False,True
2020-06-18 14:52:59.311,9417.85000000,0.00680800,64.11672280,False,True
2020-06-18 14:52:58.005,9417.68000000,0.00127800,12.03579504,False,True
2020-06-18 14:52:57.084,9416.74000000,0.01579400,148.72799156,True,True
2020-06-18 14:52:57.084,9417.76000000,0.06339100,597.00122416,True,True
2020-06-18 14:52:57.084,9417.84000000,0.01013000,95.40271920,True,True
2020-06-18 14:52:57.084,9416.41000000,0.00212300,19.99103843,True,True
2020-06-18 14:52:57.084,9416.40000000,0.03119700,293.76343080,True,True
2020-06-18 14:52:55.008,9417.76000000,0.00680100,64.05018576,False,True
2020-06-18 14:52:54.544,9417.76000000,0.00691600,65.13322816,False,True
2020-06-18 14:52:53.476,9417.76000000,0.29111200,2741.62294912,False,True
2020-06-18 14:52:53.443,9417.76000000,0.00360400,33.94160704,False,True
2020-06-18 14:52:53.075,9417.75000000,0.33842000,3187.15495500,False,True
2020-06-18 14:52:53.075,9417.75000000,0.17046800,1605.42500700,False,True
2020-06-18 14:52:52.970,9417.75000000,0.00208000,19.58892000,False,True
2020-06-18 14:52:52.874,9417.75000000,0.06487600,610.98594900,False,True
2020-06-18 14:52:52.768,9417.75000000,0.26207600,2468.16624900,False,True
2020-06-18 14:52:52.768,9417.75000000,0.24989800,2353.47688950,False,True
2020-06-18 14:52:52.725,9417.75000000,0.05171700,487.05777675,False,True
2020-06-18 14:52:52.660,9417.75000000,0.00127800,12.03588450,False,True
2020-06-18 14:52:52.564,9417.75000000,0.18432500,1735.92676875,False,True
2020-06-18 14:52:52.556,9417.75000000,0.00208000,19.58892000,False,True
2020-06-18 14:52:52.442,9417.75000000,0.00250000,23.54437500,False,True
2020-06-18 14:52:52.346,9417.75000000,0.00770200,72.53551050,False,True
2020-06-18 14:52:52.292,9416.40000000,0.21319200,2007.50114880,True,True
2020-06-18 14:52:52.292,9416.46000000,0.01313000,123.63811980,True,True
2020-06-18 14:52:52.292,9416.81000000,0.01845400,173.77781174,True,True
2020-06-18 14:52:52.292,9416.82000000,0.10000000,941.68200000,True,True
2020-06-18 14:52:52.292,9417.00000000,0.02654700,249.99309900,True,True
2020-06-18 14:52:52.292,9417.79000000,0.01953100,183.93885649,True,True
2020-06-18 14:52:52.292,9418.33000000,0.00386800,36.43010044,True,True
2020-06-18 14:52:52.292,9418.33000000,0.00527800,49.70994574,True,True
2020-06-18 14:52:51.036,9418.74000000,0.00571800,53.85635532,False,True
2020-06-18 14:52:50.740,9418.32000000,0.00927600,87.36433632,False,True
2020-06-18 14:52:50.011,9418.32000000,0.11034900,1039.30219368,False,True
2020-06-18 14:52:49.817,9418.32000000,0.00127800,12.03661296,False,True
2020-06-18 14:52:49.615,9418.32000000,0.00733100,69.04570392,False,True
2020-06-18 14:52:48.984,9418.89000000,0.12520000,1179.24502800,False,True
2020-06-18 14:52:48.879,9418.89000000,0.47381700,4462.83020313,False,True
2020-06-18 14:52:48.780,9418.89000000,0.44416300,4183.52243907,False,True
2020-06-18 14:52:48.677,9418.89000000,0.00208000,19.59129120,False,True
2020-06-18 14:52:48.575,9418.89000000,0.01247900,117.53832831,False,True
2020-06-18 14:52:48.466,9418.89000000,0.01973600,185.89121304,False,True
2020-06-18 14:52:48.365,9418.89000000,0.02104200,198.19228338,False,True
2020-06-18 14:52:48.365,9418.89000000,0.49950000,4704.73555500,False,True
2020-06-18 14:52:48.149,9418.00000000,0.03991500,375.91947000,False,True
2020-06-18 14:52:48.040,9417.71000000,0.48891200,4604.43143152,False,True
2020-06-18 14:52:47.959,9417.71000000,0.01058800,99.71471348,False,True
2020-06-18 14:52:47.862,9418.35000000,0.16000000,1506.93600000,True,True
2020-06-18 14:52:47.862,9418.24000000,0.05000000,470.91200000,True,True
2020-06-18 14:52:47.862,9417.81000000,0.01000000,94.17810000,True,True
2020-06-18 14:52:47.862,9418.69000000,0.00714200,67.26828398,True,True
2020-06-18 14:52:47.862,9419.57000000,0.05875600,553.45625492,True,True
2020-06-18 14:52:47.862,9418.00000000,0.16600000,1563.38800000,True,True
2020-06-18 14:52:47.862,9417.80000000,0.07126600,671.16893480,True,True
2020-06-18 14:52:47.862,9417.64000000,0.01458300,137.33744412,True,True
2020-06-18 14:52:47.862,9417.39000000,0.09965600,938.49941784,True,True
2020-06-18 14:52:47.862,9417.38000000,0.08000000,753.39040000,True,True
2020-06-18 14:52:47.862,9417.33000000,0.25000000,2354.33250000,True,True
2020-06-18 14:52:47.862,9417.28000000,0.00281000,26.46255680,True,True
2020-06-18 14:52:47.862,9417.14000000,0.06778700,638.35966918,True,True
2020-06-18 14:52:46.885,9419.57000000,0.01611900,151.83404883,True,True
2020-06-18 14:52:46.396,9419.57000000,0.04092000,385.44880440,True,True
2020-06-18 14:52:46.265,9419.57000000,0.11266800,1061.28411276,True,True
2020-06-18 14:52:46.173,9419.60000000,0.14684400,1383.21174240,True,True
2020-06-18 14:52:46.170,9419.60000000,0.05315600,500.70825760,True,True
2020-06-18 14:52:46.170,9419.61000000,0.00000900,0.08477649,True,True
2020-06-18 14:52:46.159,9419.61000000,0.05317000,500.84066370,True,True
2020-06-18 14:52:45.025,9419.57000000,0.04939300,465.26082101,True,True
2020-06-18 14:52:44.918,9419.59000000,0.00766900,72.23883571,True,True
2020-06-18 14:52:44.718,9419.70000000,0.26077200,2456.39400840,False,True
2020-06-18 14:52:43.556,9420.09000000,0.08155100,768.21775959,False,True
2020-06-18 14:52:41.778,9420.07000000,0.01555400,146.51976878,False,True
2020-06-18 14:52:39.476,9420.29000000,0.00379200,35.72173968,False,True
2020-06-18 14:52:39.293,9420.30000000,0.00102800,9.68406840,False,True
2020-06-18 14:52:39.293,9420.27000000,0.28665700,2700.38633739,False,True
2020-06-18 14:52:39.293,9420.26000000,0.06066900,571.51775394,False,True
2020-06-18 14:52:39.293,9420.22000000,0.00904200,85.17762924,False,True
2020-06-18 14:52:39.220,9419.57000000,0.07908000,744.89959560,True,True
2020-06-18 14:52:39.220,9419.59000000,0.01614500,152.07928055,True,True
2020-06-18 14:52:39.220,9419.59000000,0.00736200,69.34702158,True,True
2020-06-18 14:52:39.220,9420.05000000,0.05091300,479.60300565,True,True
2020-06-18 14:52:39.143,9420.06000000,0.27857800,2624.22147468,True,True
2020-06-18 14:52:39.143,9420.06000000,0.00782200,73.68370932,True,True
2020-06-18 14:52:39.143,9420.06000000,0.00522200,49.19155332,True,True
2020-06-18 14:52:39.143,9420.06000000,0.06066800,571.49620008,True,True
2020-06-18 14:52:39.143,9420.05000000,0.00559600,52.71459980,True,True
2020-06-18 14:52:39.085,9420.50000000,0.00795300,74.92123650,False,True
2020-06-18 14:52:39.082,9420.07000000,0.00795300,74.91781671,False,True
2020-06-18 14:52:39.082,9420.07000000,0.00795300,74.91781671,False,True
2020-06-18 14:52:39.082,9420.07000000,0.00795300,74.91781671,False,True
2020-06-18 14:52:39.079,9420.07000000,0.00795300,74.91781671,False,True
2020-06-18 14:52:39.078,9420.07000000,0.00795300,74.91781671,False,True
2020-06-18 14:52:39.078,9420.07000000,0.00795300,74.91781671,False,True
2020-06-18 14:52:39.078,9420.07000000,0.00795300,74.91781671,False,True
2020-06-18 14:52:39.078,9420.07000000,0.00795300,74.91781671,False,True
2020-06-18 14:52:39.078,9420.07000000,0.00795300,74.91781671,False,True
2020-06-18 14:52:39.078,9420.07000000,0.00795300,74.91781671,False,True
2020-06-18 14:52:39.078,9420.07000000,0.00795300,74.91781671,False,True
2020-06-18 14:52:39.078,9420.07000000,0.00795300,74.91781671,False,True
2020-06-18 14:52:39.077,9420.07000000,0.00795300,74.91781671,False,True
2020-06-18 14:52:39.077,9420.07000000,0.00795300,74.91781671,False,True
2020-06-18 14:52:39.077,9420.07000000,0.00795300,74.91781671,False,True
2020-06-18 14:52:39.077,9420.07000000,0.00795300,74.91781671,False,True
2020-06-18 14:52:39.077,9420.07000000,0.00795300,74.91781671,False,True
2020-06-18 14:52:39.077,9420.07000000,0.00795300,74.91781671,False,True
2020-06-18 14:52:39.077,9420.07000000,0.00795300,74.91781671,False,True
2020-06-18 14:52:39.076,9420.07000000,0.00795300,74.91781671,False,True
2020-06-18 14:52:39.075,9420.07000000,0.00795300,74.91781671,False,True
2020-06-18 14:52:39.075,9420.07000000,0.00795300,74.91781671,False,True
2020-06-18 14:52:39.075,9420.07000000,0.00795300,74.91781671,False,True
2020-06-18 14:52:39.075,9420.07000000,0.00795300,74.91781671,False,True
2020-06-18 14:52:39.075,9420.07000000,0.00795300,74.91781671,False,True
2020-06-18 14:52:39.075,9420.07000000,0.00795300,74.91781671,False,True
2020-06-18 14:52:39.074,9420.07000000,0.00795300,74.91781671,False,True
2020-06-18 14:52:39.073,9420.07000000,0.00795300,74.91781671,False,True
2020-06-18 14:52:39.073,9420.07000000,0.00795300,74.91781671,False,True
2020-06-18 14:52:39.073,9420.07000000,0.00795300,74.91781671,False,True
2020-06-18 14:52:39.073,9420.07000000,0.00795300,74.91781671,False,True
2020-06-18 14:52:39.073,9420.07000000,0.00795300,74.91781671,False,True
2020-06-18 14:52:39.072,9420.07000000,0.00795300,74.91781671,False,True
2020-06-18 14:52:39.072,9420.07000000,0.00795300,74.91781671,False,True
2020-06-18 14:52:39.072,9420.07000000,0.00795300,74.91781671,False,True
2020-06-18 14:52:39.071,9420.07000000,0.00795300,74.91781671,False,True
2020-06-18 14:52:39.071,9420.07000000,0.00795300,74.91781671,False,True
2020-06-18 14:52:39.071,9420.07000000,0.00795300,74.91781671,False,True
2020-06-18 14:52:39.071,9420.07000000,0.00795300,74.91781671,False,True
2020-06-18 14:52:39.070,9420.07000000,0.00795300,74.91781671,False,True
2020-06-18 14:52:39.070,9420.07000000,0.00795300,74.91781671,False,True
2020-06-18 14:52:39.070,9420.07000000,0.00795300,74.91781671,False,True
2020-06-18 14:52:39.070,9420.07000000,0.00795300,74.91781671,False,True
2020-06-18 14:52:39.070,9420.07000000,0.00795300,74.91781671,False,True
2020-06-18 14:52:37.187,9420.05000000,0.01700000,160.14085000,True,True
2020-06-18 14:52:36.888,9420.05000000,0.01684700,158.69958235,False,True
2020-06-18 14:52:35.693,9420.04000000,0.08768800,826.02446752,True,True
2020-06-18 14:52:35.336,9420.04000000,0.00350100,32.97956004,True,True
2020-06-18 14:52:34.426,9419.58000000,0.20236100,1906.15562838,False,True
2020-06-18 14:52:34.426,9419.58000000,0.26212800,2469.13566624,False,True
2020-06-18 14:52:34.426,9419.58000000,0.06067200,571.50475776,False,True
2020-06-18 14:52:34.426,9419.58000000,0.05234500,493.06791510,False,True
2020-06-18 14:52:34.426,9419.58000000,0.35500000,3343.95090000,False,True
2020-06-18 14:52:34.426,9419.58000000,0.10218700,962.55862146,False,True
2020-06-18 14:52:34.426,9419.58000000,0.48894100,4605.61886478,False,True
2020-06-18 14:52:34.311,9419.57000000,0.00301300,28.38116441,True,True
2020-06-18 14:52:33.040,9419.57000000,0.13909600,1310.22450872,True,True
2020-06-18 14:52:31.571,9419.58000000,0.01055900,99.46134522,False,True
2020-06-18 14:52:29.372,9419.59000000,0.01061500,99.98894785,False,True
2020-06-18 14:52:29.120,9419.59000000,0.06485500,610.90750945,False,True
2020-06-18 14:52:27.041,9420.11000000,0.15927900,1500.42570069,False,True
2020-06-18 14:52:26.241,9420.10000000,0.00422800,39.82818280,True,True
2020-06-18 14:52:25.413,9420.11000000,0.01259500,118.64628545,False,True
2020-06-18 14:52:25.399,9420.10000000,0.04584500,431.86448450,True,True
2020-06-18 14:52:24.660,9420.11000000,0.00207000,19.49962770,False,True
2020-06-18 14:52:23.822,9420.38000000,0.01301600,122.61566608,False,True
2020-06-18 14:52:23.699,9419.57000000,0.00095500,8.99568935,False,True
2020-06-18 14:52:23.392,9419.57000000,0.00139000,13.09320230,False,True
2020-06-18 14:52:22.556,9419.56000000,0.00273100,25.72481836,True,True
2020-06-18 14:52:20.832,9419.56000000,0.02057100,193.76976876,True,True
2020-06-18 14:52:20.282,9418.99000000,0.00250000,23.54747500,False,True
2020-06-18 14:52:19.651,9419.29000000,0.01538300,144.89693807,False,True
2020-06-18 14:52:19.436,9419.14000000,0.01592100,149.96212794,False,True
2020-06-18 14:52:18.928,9418.19000000,0.08407400,791.82490606,True,True
2020-06-18 14:52:18.928,9418.22000000,0.06067600,571.45991672,True,True
2020-06-18 14:52:18.928,9418.25000000,0.03676000,346.21487000,True,True
2020-06-18 14:52:18.928,9418.26000000,0.01015300,95.62359378,True,True
2020-06-18 14:52:18.608,9419.56000000,0.02476200,233.24714472,True,True
2020-06-18 14:52:17.447,9419.57000000,0.01891600,178.18058612,False,True
2020-06-18 14:52:16.903,9419.16000000,0.00115600,10.88854896,True,True
2020-06-18 14:52:15.804,9419.59000000,0.00602300,56.73419057,False,True
2020-06-18 14:52:15.696,9419.40000000,0.01442500,135.87484500,False,True
2020-06-18 14:52:15.588,9419.40000000,0.00416000,39.18470400,False,True
2020-06-18 14:52:14.835,9419.89000000,0.39545600,3725.15201984,False,True
2020-06-18 14:52:14.741,9419.90000000,0.29605100,2788.77081490,False,True
2020-06-18 14:52:14.629,9419.91000000,0.37155600,3500.02407996,False,True
2020-06-18 14:52:14.525,9419.92000000,0.39278400,3699.99385728,False,True
2020-06-18 14:52:14.414,9419.95000000,0.00250000,23.54987500,False,True
2020-06-18 14:52:14.323,9419.00000000,0.00189000,17.80191000,True,True
2020-06-18 14:52:14.323,9419.99000000,0.00504100,47.48616959,True,True
2020-06-18 14:52:14.323,9419.99000000,0.00683000,64.33853170,True,True
2020-06-18 14:52:14.323,9418.59000000,0.16000000,1506.97440000,True,True
2020-06-18 14:52:14.323,9418.39000000,0.03051500,287.40217085,True,True
2020-06-18 14:52:14.323,9419.99000000,0.09198500,866.49778015,True,True
